Stock,Rank,Score
PLUT,1,1.9585360206560987
VITL,2,1.9157270125680337
COCP,3,1.912822285656608
TLSA,4,1.912822285656608
SSBI,5,1.912822285656608
ORCX,6,1.898879596481763
GAINI,7,1.8946677424601956
ROOT,8,1.8900896402628393
DWTX,9,1.8850953469566325
AMTX,10,1.8695170554939784
TILE,11,1.8595689589471318
REPL,12,1.8595689589471318
TELA,13,1.8585361206559985
OACCU,14,1.8581230951664978
GCL,15,1.8531658149818684
BLFS,16,1.85131042164994
SPCB,17,1.8450269666310133
BYSI,18,1.8438061393783851
AVGX,19,1.8425298199779094
GWAV,20,1.8425298199779094
ARWR,21,1.8420195671906
RCMT,22,1.8420195671906
HOWL,23,1.8411941368843894
IOVA,24,1.8397948498340346
TPST,25,1.838327304878785
PASG,26,1.836786382675772
SKYQ,27,1.833461234764008
STI,28,1.833461234764008
ASTC,29,1.8314899321366802
REG,30,1.8314899321366802
CLBK,31,1.8297666259731593
HOOG,32,1.8297666259731593
SMCZ,33,1.8297666259731593
AUR,34,1.823385028970784
IMTX,35,1.81945606350363
RXST,36,1.818444437743139
OP,37,1.818444437743139
SMRI,38,1.818444437743139
SINT,39,1.8157271125679335
RMTI,40,1.8157271125679335
SANA,41,1.8128223856565078
EDHL,42,1.8097101782514082
DIBS,43,1.8097101782514082
CGTX,44,1.8063674369644502
YAAS,45,1.8063674369644502
PVLA,46,1.8063674369644502
CNSP,47,1.805570830465495
QQEW,48,1.805570830465495
RCGE,49,1.805570830465495
CMBM,50,1.8027675617323409
GGLL,51,1.8027675617323409
CNEY,52,1.8027675617323409
JXG,53,1.8027675617323409
OPINL,54,1.8027675617323409
SKBL,55,1.8027675617323409
NVD,56,1.8027675617323409
COOT,57,1.798879696481663
AEYE,58,1.7946678424600955
ISPR,59,1.7946678424600955
DMAC,60,1.7946678424600955
ICG,61,1.7946678424600955
OVID,62,1.7946678424600955
RADX,63,1.7946678424600955
MGX,64,1.7946678424600955
SELX,65,1.7945413049885852
AMPG,66,1.7900897402627391
JUNS,67,1.7900897402627391
SVC,68,1.7900897402627391
SGML,69,1.7900897402627391
CAPR,70,1.7850954469565323
JFBR,71,1.7850954469565323
SMX,72,1.7850954469565323
TOI,73,1.7850954469565323
VCEL,74,1.7850954469565323
TRNR,75,1.7850954469565323
YTRA,76,1.7850954469565323
ATGL,77,1.7796255066687823
CDRO,78,1.7796255066687823
CBNK,79,1.7796255066687823
ENVX,80,1.7796255066687823
TACT,81,1.7796255066687823
LGHL,82,1.7796255066687823
UPLD,83,1.7796255066687823
WERN,84,1.7796255066687823
UGRO,85,1.7796255066687823
XRTX,86,1.7796255066687823
TATT,87,1.7796255066687823
KZIA,88,1.7758965557330861
BRTX,89,1.7741774316426504
CPIX,90,1.7736085723522574
GOSS,91,1.7736085723522574
GDTC,92,1.7736085723522574
OCC,93,1.7736085723522574
SEED,94,1.7736085723522574
EGHT,95,1.7736085723522574
HOVNP,96,1.7736085723522574
GO,97,1.7736085723522574
STRR,98,1.7736085723522574
PN,99,1.7736085723522574
UROY,100,1.7736085723522574
NCPL,101,1.7736085723522574
ACHC,102,1.7702266009138778
ACOG,103,1.7669582765287295
AMUU,104,1.7669582765287295
FIVY,105,1.7669582765287295
NECB,106,1.7669582765287295
CELU,107,1.7669582765287295
FRPT,108,1.7669582765287295
NXGL,109,1.7669582765287295
NXTT,110,1.7653463147397268
XBIO,111,1.764371160422559
AAVM,112,1.7628008751618252
OPEN,113,1.7622461972836558
AARD,114,1.7595690589470316
FEMY,115,1.7595690589470316
DTI,116,1.7595690589470316
INNV,117,1.7595690589470316
LANDP,118,1.7595690589470316
ONDS,119,1.7595690589470316
SWAG,120,1.7595690589470316
PBM,121,1.7595690589470316
NN,122,1.7595690589470316
BETR,123,1.7578457527835107
FGI,124,1.7556289875090014
SLSN,125,1.754837285625248
HECO,126,1.7540167945820855
SLNH,127,1.7540167945820855
ZYXI,128,1.7540167945820855
UCL,129,1.7531659149817687
ADBG,130,1.75131052164984
BKCH,131,1.75131052164984
ATNI,132,1.75131052164984
CYTK,133,1.75131052164984
ESGU,134,1.75131052164984
FIVE,135,1.75131052164984
KIDS,136,1.75131052164984
PSC,137,1.75131052164984
PTLO,138,1.75131052164984
RDAC,139,1.75131052164984
PLBY,140,1.75131052164984
RXRX,141,1.75131052164984
WDFC,142,1.75131052164984
TVRD,143,1.75131052164984
NVX,144,1.75131052164984
UEIC,145,1.75131052164984
XFOR,146,1.75131052164984
VKTX,147,1.75131052164984
SONM,148,1.7504130692160382
APWC,149,1.7498998767433065
FACT,150,1.7498998767433065
CCTG,151,1.7450270666309131
LINK,152,1.7450270666309131
SHIM,153,1.743806239378285
UBXG,154,1.743806239378285
BLMN,155,1.7420196671904997
CCSI,156,1.7420196671904997
BTCS,157,1.7420196671904997
CMPX,158,1.7420196671904997
DUO,159,1.7420196671904997
HPAI,160,1.7420196671904997
DLTR,161,1.7420196671904997
ITRN,162,1.7420196671904997
NVDD,163,1.7420196671904997
LEDS,164,1.7420196671904997
PNFP,165,1.7420196671904997
RGTI,166,1.7420196671904997
RMNI,167,1.7420196671904997
TBH,168,1.7420196671904997
LGVN,169,1.7420196671904997
NYXH,170,1.7420196671904997
KYTX,171,1.7420196671904997
GT,172,1.7420196671904997
AIHS,173,1.7411942368842894
TCRT,174,1.7411942368842894
GVH,175,1.7397949498339347
FAT,176,1.736786482675672
INV,177,1.736786482675672
IPW,178,1.735166538821223
IONL,179,1.735166538821223
STEC,180,1.735166538821223
IRWD,181,1.733461334763908
QNRX,182,1.733461334763908
AZI,183,1.731663957514306
AFYA,184,1.7314900321365805
BAER,185,1.7314900321365805
BNTX,186,1.7314900321365805
GV,187,1.7314900321365805
CLOV,188,1.7314900321365805
HUIZ,189,1.7314900321365805
HUT,190,1.7314900321365805
IXHL,191,1.7314900321365805
SOUN,192,1.7314900321365805
TSLA,193,1.7314900321365805
YI,194,1.7314900321365805
SLNHP,195,1.7314900321365805
SLVO,196,1.7314900321365805
OCFC,197,1.7314900321365805
TKNO,198,1.7314900321365805
LQDA,199,1.7314900321365805
PRAX,200,1.7314900321365805
QCOM,201,1.7314900321365805
PHAT,202,1.7314900321365805
USGO,203,1.7314900321365805
RPAY,204,1.7314900321365805
UBRL,205,1.7314900321365805
SLN,206,1.7314900321365805
MSBIP,207,1.7314900321365805
BENF,208,1.7297667259730594
LHSW,209,1.7297667259730594
WIMI,210,1.7297667259730594
AOHY,211,1.7277610812008841
BNZI,212,1.7277610812008841
FFIV,213,1.7277610812008841
FATBP,214,1.7277610812008841
AQMS,215,1.7256374573244637
GNTA,216,1.7256374573244637
IOBT,217,1.7256374573244637
VNET,218,1.7256374573244637
NWTG,219,1.723385128970684
WALD,220,1.723385128970684
OXBR,221,1.723385128970684
FGL,222,1.7209920300947934
GELS,223,1.7209920300947934
NUWE,224,1.7209920300947934
GLUE,225,1.7209920300947934
ROCK,226,1.7209920300947934
AMAL,227,1.7194561635035301
CLLS,228,1.7194561635035301
ALMU,229,1.7194561635035301
EPOW,230,1.7194561635035301
DCBO,231,1.7194561635035301
AMOD,232,1.7194561635035301
KMTS,233,1.7194561635035301
COWG,234,1.7194561635035301
IPSC,235,1.7194561635035301
INLF,236,1.7194561635035301
OPRT,237,1.7194561635035301
TSMX,238,1.7194561635035301
MAXN,239,1.7194561635035301
VIOT,240,1.7194561635035301
HUHU,241,1.7194561635035301
WHFCL,242,1.7194561635035301
SQQQ,243,1.7194561635035301
ALGT,244,1.7184445377430388
BIOX,245,1.7184445377430388
HITI,246,1.7184445377430388
COHU,247,1.7184445377430388
INEO,248,1.7184445377430388
IVDA,249,1.7184445377430388
SOGP,250,1.7184445377430388
LRMR,251,1.7184445377430388
NTHI,252,1.7184445377430388
NDAA,253,1.7174757590564165
AURA,254,1.7157272125678338
CGON,255,1.7157272125678338
GXAI,256,1.7157272125678338
KEAT,257,1.7157272125678338
MVIS,258,1.7157272125678338
GBIO,259,1.7128224856564078
KTTA,260,1.7128224856564078
GCT,261,1.7128224856564078
MRAL,262,1.7128224856564078
UPBD,263,1.7128224856564078
NNNN,264,1.7128224856564078
LFCR,265,1.7128224856564078
BMEA,266,1.7097102782513085
CEPI,267,1.7097102782513085
CRSR,268,1.7097102782513085
BTCT,269,1.7097102782513085
CMPR,270,1.7097102782513085
LCFY,271,1.7097102782513085
PPBT,272,1.7097102782513085
PSNYW,273,1.7097102782513085
IVF,274,1.7097102782513085
STAK,275,1.7097102782513085
SOXX,276,1.7097102782513085
ADSE,277,1.7063675369643503
AEHL,278,1.7063675369643503
ADAG,279,1.7063675369643503
BRAG,280,1.7063675369643503
ELPW,281,1.7063675369643503
IPM,282,1.7063675369643503
UPXI,283,1.7063675369643503
THAR,284,1.7063675369643503
CVLT,285,1.705570930465395
DIVD,286,1.705570930465395
EVTV,287,1.705570930465395
HNST,288,1.705570930465395
JRVR,289,1.705570930465395
FOSL,290,1.705570930465395
FSTR,291,1.705570930465395
INM,292,1.705570930465395
CVV,293,1.705570930465395
LPTH,294,1.705570930465395
FLUX,295,1.705570930465395
OSW,296,1.705570930465395
OTEX,297,1.705570930465395
OABI,298,1.705570930465395
SMSI,299,1.705570930465395
UBSI,300,1.705570930465395
LULU,301,1.705570930465395
SUUN,302,1.705570930465395
ILPT,303,1.705570930465395
RFEM,304,1.702767661732241
SOTK,305,1.702767661732241
KRRO,306,1.702767661732241
ICCM,307,1.702767661732241
REFR,308,1.702767661732241
RELY,309,1.702767661732241
LESL,310,1.702767661732241
WWD,311,1.702767661732241
GYRO,312,1.6991892432991762
BMRA,313,1.6988797964815632
BPYPM,314,1.6988797964815632
GGAL,315,1.6988797964815632
HBIO,316,1.6988797964815632
INDP,317,1.6988797964815632
KALV,318,1.6988797964815632
KALU,319,1.6988797964815632
SPC,320,1.6988797964815632
WNW,321,1.6988797964815632
QDEL,322,1.6988797964815632
WATT,323,1.6988797964815632
MYSZ,324,1.6988797964815632
WING,325,1.6988797964815632
XELB,326,1.6988797964815632
AMKR,327,1.6946679424599955
ASTS,328,1.6946679424599955
BTAI,329,1.6946679424599955
CCRN,330,1.6946679424599955
CYCU,331,1.6946679424599955
CTXR,332,1.6946679424599955
JAGX,333,1.6946679424599955
LXEH,334,1.6946679424599955
IZM,335,1.6946679424599955
GEOS,336,1.6946679424599955
MGIH,337,1.6946679424599955
RCON,338,1.6946679424599955
SEER,339,1.6946679424599955
APED,340,1.6900898402626394
AKAN,341,1.6900898402626394
AUTL,342,1.6900898402626394
BWAY,343,1.6900898402626394
CWBC,344,1.6900898402626394
HUBC,345,1.6900898402626394
LGO,346,1.6900898402626394
HIVE,347,1.6900898402626394
FGBI,348,1.6900898402626394
MOFG,349,1.6900898402626394
LGIH,350,1.6900898402626394
PI,351,1.6900898402626394
PODC,352,1.6900898402626394
WB,353,1.6900898402626394
SLS,354,1.6900898402626394
GLBE,355,1.6900898402626394
YXT,356,1.6900898402626394
EDSA,357,1.6900898402626394
NAUT,358,1.6900898402626394
NTLA,359,1.6900898402626394
STKH,360,1.6900898402626394
RCT,361,1.6900898402626394
STSS,362,1.6900898402626394
ANY,363,1.689371491920904
COCO,364,1.689371491920904
DNUT,365,1.689371491920904
CACC,366,1.689371491920904
EXPO,367,1.689371491920904
IUSG,368,1.689371491920904
SHOO,369,1.689371491920904
EPRX,370,1.689371491920904
GNTX,371,1.689371491920904
PQOC,372,1.689371491920904
PRTS,373,1.689371491920904
FTXN,374,1.689371491920904
SIFY,375,1.689371491920904
CYN,376,1.689371491920904
TRMK,377,1.689371491920904
SAIL,378,1.689371491920904
PGNY,379,1.689371491920904
ABVE,380,1.6850955469564326
ADBE,381,1.6850955469564326
BIAF,382,1.6850955469564326
CMCSA,383,1.6850955469564326
IBG,384,1.6850955469564326
MSAI,385,1.6850955469564326
NKTR,386,1.6850955469564326
PAVM,387,1.6850955469564326
HCTI,388,1.6850955469564326
MRKR,389,1.6850955469564326
SDA,390,1.6850955469564326
XOMZ,391,1.6850955469564326
PRLD,392,1.6850955469564326
QABA,393,1.6850955469564326
MSTR,394,1.6850955469564326
NB,395,1.6850955469564326
SEATW,396,1.6803743742941213
ALTI,397,1.6796256066686823
ATRO,398,1.6796256066686823
CRGO,399,1.6796256066686823
BZAI,400,1.6796256066686823
JAZZ,401,1.6796256066686823
IHRT,402,1.6796256066686823
CERT,403,1.6796256066686823
SAVA,404,1.6796256066686823
NEON,405,1.6796256066686823
SOLZ,406,1.6796256066686823
GLMD,407,1.6796256066686823
SWP,408,1.6796256066686823
RDNT,409,1.6796256066686823
LCDL,410,1.6796256066686823
TH,411,1.6796256066686823
VRAR,412,1.6796256066686823
WSFS,413,1.6796256066686823
MNOV,414,1.6796256066686823
XNET,415,1.6796256066686823
RLYB,416,1.6796256066686823
NETDU,417,1.678283699756283
AENT,418,1.673608672352157
ASTI,419,1.673608672352157
BOLD,420,1.673608672352157
BTSG,421,1.673608672352157
BBCP,422,1.673608672352157
CELZ,423,1.673608672352157
FVC,424,1.673608672352157
KAVL,425,1.673608672352157
EHGO,426,1.673608672352157
HROW,427,1.673608672352157
MUU,428,1.673608672352157
SCWO,429,1.673608672352157
NGNE,430,1.673608672352157
SGHT,431,1.673608672352157
NUTX,432,1.673608672352157
SSRM,433,1.673608672352157
TSEM,434,1.673608672352157
TURB,435,1.673608672352157
VIVK,436,1.673608672352157
REGN,437,1.673608672352157
RMBI,438,1.673608672352157
LSH,439,1.673608672352157
WRLD,440,1.673608672352157
PGY,441,1.673608672352157
TSMU,442,1.673608672352157
AMID,443,1.6702267009137781
ANNA,444,1.6702267009137781
AMZD,445,1.6702267009137781
ARQT,446,1.6702267009137781
BLKB,447,1.6702267009137781
CWCO,448,1.6702267009137781
CZNC,449,1.6702267009137781
DAWN,450,1.6702267009137781
BPYPN,451,1.6702267009137781
MYCJ,452,1.6702267009137781
JKHY,453,1.6702267009137781
MMSI,454,1.6702267009137781
RGP,455,1.6702267009137781
NXL,456,1.6702267009137781
OPK,457,1.6702267009137781
TTEC,458,1.6702267009137781
BTM,459,1.6702267009137781
SYRE,460,1.6702267009137781
PETZ,461,1.6702267009137781
TLX,462,1.6702267009137781
PFXNZ,463,1.6702267009137781
QQQA,464,1.6702267009137781
QVCGA,465,1.668765474320808
SAIH,466,1.6684106786656647
GAUZ,467,1.6683754878373296
ACDC,468,1.6669583765286293
AEP,469,1.6669583765286293
AKTX,470,1.6669583765286293
APLD,471,1.6669583765286293
ARCB,472,1.6669583765286293
AREC,473,1.6669583765286293
AVS,474,1.6669583765286293
CISS,475,1.6669583765286293
COLM,476,1.6669583765286293
BBSI,477,1.6669583765286293
DCTH,478,1.6669583765286293
SLNO,479,1.6669583765286293
MIND,480,1.6669583765286293
INTS,481,1.6669583765286293
LARK,482,1.6669583765286293
LOBO,483,1.6669583765286293
VIRT,484,1.6669583765286293
VNOM,485,1.6669583765286293
XTKG,486,1.6669583765286293
JBLU,487,1.6669583765286293
LCID,488,1.6669583765286293
HAIN,489,1.6669583765286293
BWIN,490,1.6669583765286293
WHWK,491,1.6669583765286293
XXII,492,1.6669583765286293
SFIX,493,1.6669583765286293
SNDK,494,1.6669583765286293
TLS,495,1.6669583765286293
SEAT,496,1.6669583765286293
GEVO,497,1.6669583765286293
FOXX,498,1.6658142252566466
VSA,499,1.6616748109848356
SONN,500,1.6616748109848356
ALGS,501,1.6598514975555854
ADGM,502,1.6595691589469317
AIRTP,503,1.6595691589469317
APP,504,1.6595691589469317
AXTI,505,1.6595691589469317
AVUQ,506,1.6595691589469317
CREX,507,1.6595691589469317
ENLV,508,1.6595691589469317
ENSC,509,1.6595691589469317
HOOD,510,1.6595691589469317
DSP,511,1.6595691589469317
KLTR,512,1.6595691589469317
HTOO,513,1.6595691589469317
MDAI,514,1.6595691589469317
CRMT,515,1.6595691589469317
PRCH,516,1.6595691589469317
MFLX,517,1.6595691589469317
MSS,518,1.6595691589469317
ESGL,519,1.6595691589469317
MULL,520,1.6595691589469317
RR,521,1.6595691589469317
FUFU,522,1.6595691589469317
RCKT,523,1.6595691589469317
FONR,524,1.6595691589469317
NTRS,525,1.6595691589469317
NVCR,526,1.6595691589469317
KROS,527,1.6595691589469317
HLP,528,1.6595691589469317
ZTOP,529,1.6595691589469317
SKYY,530,1.6595691589469317
SNTI,531,1.6595691589469317
STGW,532,1.6595691589469317
PSNL,533,1.6595691589469317
VINP,534,1.6595691589469317
WGRX,535,1.6595691589469317
LYRA,536,1.6595691589469317
VFS,537,1.6595691589469317
ALTS,538,1.6578458527834103
AVR,539,1.6571319792204329
CREG,540,1.6563934893276975
TWNP,541,1.6563934893276975
REGCP,542,1.6563934893276975
ATLN,543,1.6531660149816685
PQJL,544,1.6531660149816685
TRAW,545,1.6531660149816685
LGCB,546,1.651366077365614
BBIO,547,1.6513106216497402
ALGN,548,1.6513106216497402
BEAT,549,1.6513106216497402
CASI,550,1.6513106216497402
BTFX,551,1.6513106216497402
EXEL,552,1.6513106216497402
FENC,553,1.6513106216497402
FBLG,554,1.6513106216497402
CJMB,555,1.6513106216497402
FPXE,556,1.6513106216497402
GDYN,557,1.6513106216497402
FTEL,558,1.6513106216497402
NIXT,559,1.6513106216497402
LITM,560,1.6513106216497402
HCWB,561,1.6513106216497402
CIGL,562,1.6513106216497402
PWM,563,1.6513106216497402
INTJ,564,1.6513106216497402
PAGP,565,1.6513106216497402
PANW,566,1.6513106216497402
TMDX,567,1.6513106216497402
TPGXL,568,1.6513106216497402
TXN,569,1.6513106216497402
RUNN,570,1.6513106216497402
MYRG,571,1.6513106216497402
NATH,572,1.6513106216497402
EOLS,573,1.6513106216497402
PLPC,574,1.6513106216497402
FOXF,575,1.6513106216497402
ZCMD,576,1.6513106216497402
SVRA,577,1.6513106216497402
WTF,578,1.6513106216497402
ZYME,579,1.6513106216497402
SAMG,580,1.6513106216497402
SNES,581,1.6513106216497402
RRR,582,1.6513106216497402
LASR,583,1.6513106216497402
VRDN,584,1.6513106216497402
RUSHB,585,1.6513106216497402
ACXP,586,1.6483906702860136
MODD,587,1.6483906702860136
ACIC,588,1.6472529517052272
ARM,589,1.6472529517052272
AUUD,590,1.6472529517052272
CAR,591,1.6472529517052272
EXTR,592,1.6472529517052272
GFLW,593,1.6472529517052272
FSBW,594,1.6472529517052272
JRSH,595,1.6472529517052272
GMM,596,1.6472529517052272
LANDM,597,1.6472529517052272
MBIN,598,1.6472529517052272
IGOV,599,1.6472529517052272
NEXT,600,1.6472529517052272
GCBC,601,1.6472529517052272
CRNT,602,1.6472529517052272
PBFS,603,1.6472529517052272
FSCS,604,1.6472529517052272
SNCY,605,1.6472529517052272
SPT,606,1.6472529517052272
LGND,607,1.6472529517052272
IRIX,608,1.6472529517052272
NSPR,609,1.6472529517052272
TPG,610,1.6472529517052272
VCLT,611,1.6472529517052272
PRPH,612,1.6461960437875849
TBMC,613,1.6455270085129587
MDBH,614,1.6450271666308132
APLM,615,1.6438063393781848
VEEA,616,1.6438063393781848
RGTX,617,1.6438063393781848
RDIB,618,1.6431446420394944
AIA,619,1.6425300199777098
TSAT,620,1.6425300199777098
STTK,621,1.6425300199777098
AGH,622,1.6420197671903998
APPX,623,1.6420197671903998
APPS,624,1.6420197671903998
ATRC,625,1.6420197671903998
ASYS,626,1.6420197671903998
CRBU,627,1.6420197671903998
ATLX,628,1.6420197671903998
BULL,629,1.6420197671903998
FNX,630,1.6420197671903998
FRHC,631,1.6420197671903998
ERNA,632,1.6420197671903998
EVAX,633,1.6420197671903998
GUTS,634,1.6420197671903998
HISF,635,1.6420197671903998
COIN,636,1.6420197671903998
INMB,637,1.6420197671903998
LLYVK,638,1.6420197671903998
MCHP,639,1.6420197671903998
MRAM,640,1.6420197671903998
GIII,641,1.6420197671903998
GSUN,642,1.6420197671903998
QH,643,1.6420197671903998
IMUX,644,1.6420197671903998
NFLX,645,1.6420197671903998
NNDM,646,1.6420197671903998
PCT,647,1.6420197671903998
VSTM,648,1.6420197671903998
INKT,649,1.6420197671903998
GTLB,650,1.6420197671903998
USVN,651,1.6420197671903998
WVE,652,1.6420197671903998
MRBK,653,1.6420197671903998
SNEX,654,1.6420197671903998
SWIM,655,1.6420197671903998
TMCI,656,1.6420197671903998
NVVE,657,1.6420197671903998
HUDI,658,1.6420197671903998
STAI,659,1.6420197671903998
TGTX,660,1.6420197671903998
HWBK,661,1.6411943368841893
OKYO,662,1.6411943368841893
KC,663,1.6411943368841893
HCAI,664,1.6397950498338347
MGNI,665,1.6397950498338347
OMAB,666,1.6383275048785848
PRPL,667,1.6383275048785848
CTOR,668,1.636786582675572
CALC,669,1.635166638821123
ACHV,670,1.6334614347638081
ALZN,671,1.6334614347638081
BRLS,672,1.6334614347638081
DTCK,673,1.6334614347638081
ANGH,674,1.631664057514206
FATE,675,1.631664057514206
MTC,676,1.631664057514206
IHYF,677,1.631664057514206
NCT,678,1.631664057514206
TTMI,679,1.631664057514206
NRSN,680,1.631664057514206
PLUS,681,1.631664057514206
ALHC,682,1.6314901321364805
APRE,683,1.6314901321364805
CLSK,684,1.6314901321364805
FLL,685,1.6314901321364805
FRGT,686,1.6314901321364805
CPHC,687,1.6314901321364805
EWBC,688,1.6314901321364805
AVTX,689,1.6314901321364805
FMNB,690,1.6314901321364805
GECC,691,1.6314901321364805
JBHT,692,1.6314901321364805
CHCI,693,1.6314901321364805
LMB,694,1.6314901321364805
DVAL,695,1.6314901321364805
IMG,696,1.6314901321364805
EKSO,697,1.6314901321364805
ODFL,698,1.6314901321364805
LSCC,699,1.6314901321364805
LTRN,700,1.6314901321364805
QLGN,701,1.6314901321364805
RDTY,702,1.6314901321364805
RENB,703,1.6314901321364805
NERD,704,1.6314901321364805
TWFG,705,1.6314901321364805
PODD,706,1.6314901321364805
UNIT,707,1.6314901321364805
PSMT,708,1.6314901321364805
HTZ,709,1.6314901321364805
QTR,710,1.6314901321364805
MOGO,711,1.6314901321364805
IMRX,712,1.6314901321364805
NEPH,713,1.6314901321364805
GECCH,714,1.6314901321364805
TSLL,715,1.6314901321364805
UPWK,716,1.6314901321364805
WCT,717,1.6314901321364805
CZAR,718,1.6314901321364805
DEVS,719,1.6314901321364805
TVGN,720,1.6314901321364805
ZBAO,721,1.6314901321364805
INTZ,722,1.6314901321364805
SNWV,723,1.6314901321364805
TLN,724,1.6314901321364805
PESI,725,1.6314901321364805
GENK,726,1.6314901321364805
TARA,727,1.6314901321364805
CTMX,728,1.6297668259729592
LFST,729,1.6297668259729592
PTPI,730,1.6297668259729592
GAME,731,1.6297668259729592
AMPGW,732,1.6277611812007842
HXHX,733,1.6277611812007842
GTI,734,1.6277611812007842
RDZN,735,1.6277611812007842
SPKL,736,1.6277611812007842
HCAT,737,1.6277611812007842
BCAB,738,1.6256375573243635
CERO,739,1.6256375573243635
CGEM,740,1.6256375573243635
SBET,741,1.6256375573243635
CHSN,742,1.6233852289705841
HIMZ,743,1.6233852289705841
LYEL,744,1.6233852289705841
CONI,745,1.6209921300946932
LEXX,746,1.6209921300946932
EZGO,747,1.6209921300946932
SNT,748,1.6209921300946932
YYAI,749,1.6209921300946932
FBYD,750,1.6209921300946932
ABEO,751,1.6194562635034302
ABL,752,1.6194562635034302
ACMR,753,1.6194562635034302
AVO,754,1.6194562635034302
BRNS,755,1.6194562635034302
BSMY,756,1.6194562635034302
BWFG,757,1.6194562635034302
BWMN,758,1.6194562635034302
CBRL,759,1.6194562635034302
CCSO,760,1.6194562635034302
CISO,761,1.6194562635034302
CBLL,762,1.6194562635034302
FBL,763,1.6194562635034302
BHFAN,764,1.6194562635034302
CLWT,765,1.6194562635034302
CAPS,766,1.6194562635034302
CNXC,767,1.6194562635034302
ELDN,768,1.6194562635034302
CVCO,769,1.6194562635034302
HIFS,770,1.6194562635034302
LITE,771,1.6194562635034302
HOVR,772,1.6194562635034302
MATH,773,1.6194562635034302
MTLS,774,1.6194562635034302
ITRI,775,1.6194562635034302
ONFO,776,1.6194562635034302
LE,777,1.6194562635034302
PACB,778,1.6194562635034302
POCI,779,1.6194562635034302
LYFT,780,1.6194562635034302
ARTL,781,1.6194562635034302
HTHT,782,1.6194562635034302
SBAC,783,1.6194562635034302
OSPN,784,1.6194562635034302
GYRE,785,1.6194562635034302
BSVO,786,1.6194562635034302
PNTG,787,1.6194562635034302
PRPO,788,1.6194562635034302
HTCR,789,1.6194562635034302
IESC,790,1.6194562635034302
MYFW,791,1.6194562635034302
SEZL,792,1.6194562635034302
SIMO,793,1.6194562635034302
NYAX,794,1.6194562635034302
KNSA,795,1.6194562635034302
TEM,796,1.6194562635034302
UDMY,797,1.6194562635034302
XHLD,798,1.6194562635034302
SHOP,799,1.6194562635034302
NMRK,800,1.6194562635034302
SIXG,801,1.6194562635034302
SKIN,802,1.6194562635034302
OXLCP,803,1.6194562635034302
PTON,804,1.6194562635034302
XYZG,805,1.6194562635034302
RILYT,806,1.6194562635034302
MU,807,1.6194562635034302
RSSS,808,1.6194562635034302
NRIM,809,1.6194562635034302
WHLR,810,1.6194562635034302
NERV,811,1.6194562635034302
FOXA,812,1.619173924894776
MYCN,813,1.619173924894776
WEYS,814,1.619173924894776
ABP,815,1.6184446377429387
ARBK,816,1.6184446377429387
FLGC,817,1.6184446377429387
KPLT,818,1.6184446377429387
PNBK,819,1.6184446377429387
TWST,820,1.6184446377429387
RDHL,821,1.6184446377429387
CNTM,822,1.6157273125677338
MTEN,823,1.6157273125677338
SFHG,824,1.6157273125677338
NXPL,825,1.6157273125677338
TERN,826,1.6157273125677338
PEPG,827,1.6157273125677338
IMOM,828,1.6157273125677338
FULT,829,1.6157273125677338
UFG,830,1.6157273125677338
ESLA,831,1.6128225856563077
HKIT,832,1.6128225856563077
INAB,833,1.6128225856563077
PRVA,834,1.6128225856563077
QRHC,835,1.6128225856563077
NCSM,836,1.6128225856563077
EMBC,837,1.6128225856563077
JBIO,838,1.6128225856563077
OPTX,839,1.6128225856563077
GPRF,840,1.6128225856563077
HQI,841,1.6128225856563077
RILY,842,1.6128225856563077
MOB,843,1.6128225856563077
WTO,844,1.6128225856563077
AVL,845,1.6097103782512086
COIG,846,1.6097103782512086
EVGOW,847,1.6097103782512086
KLTO,848,1.6097103782512086
FBGL,849,1.6097103782512086
DSGN,850,1.6097103782512086
SKYT,851,1.6097103782512086
TENX,852,1.6097103782512086
SOBR,853,1.6097103782512086
FCUV,854,1.6097103782512086
DYTA,855,1.6063676369642501
FLWS,856,1.6063676369642501
FMST,857,1.6063676369642501
EOSE,858,1.6063676369642501
LI,859,1.6063676369642501
MIMI,860,1.6063676369642501
MKDW,861,1.6063676369642501
STRS,862,1.6063676369642501
UPST,863,1.6063676369642501
ACLS,864,1.605571030465295
ADTN,865,1.605571030465295
AKBA,866,1.605571030465295
ALNY,867,1.605571030465295
ASBP,868,1.605571030465295
BATRA,869,1.605571030465295
CASH,870,1.605571030465295
ASPS,871,1.605571030465295
BNR,872,1.605571030465295
CEG,873,1.605571030465295
BWBBP,874,1.605571030465295
CASY,875,1.605571030465295
CCB,876,1.605571030465295
ESOA,877,1.605571030465295
CLRB,878,1.605571030465295
ERAS,879,1.605571030465295
CXDO,880,1.605571030465295
BTMD,881,1.605571030465295
DUKH,882,1.605571030465295
FTRI,883,1.605571030465295
IRTC,884,1.605571030465295
DLLL,885,1.605571030465295
MTSI,886,1.605571030465295
MVST,887,1.605571030465295
FTCI,888,1.605571030465295
CERS,889,1.605571030465295
BSMT,890,1.605571030465295
FDBC,891,1.605571030465295
QQQY,892,1.605571030465295
MNRO,893,1.605571030465295
DXR,894,1.605571030465295
IMKTA,895,1.605571030465295
SARK,896,1.605571030465295
INO,897,1.605571030465295
NKTX,898,1.605571030465295
ISPO,899,1.605571030465295
JJSF,900,1.605571030465295
NXTG,901,1.605571030465295
OOSB,902,1.605571030465295
VRSN,903,1.605571030465295
WKEY,904,1.605571030465295
SEPN,905,1.605571030465295
NTAP,906,1.605571030465295
TCBX,907,1.605571030465295
LWLG,908,1.605571030465295
QMCO,909,1.605571030465295
HWC,910,1.605571030465295
RHLD,911,1.605571030465295
RILYG,912,1.605571030465295
SKWD,913,1.605571030465295
NVTS,914,1.605571030465295
SOPA,915,1.605571030465295
MBUU,916,1.605571030465295
VREX,917,1.605571030465295
JANX,918,1.605571030465295
CTNM,919,1.605571030465295
OLPX,920,1.605571030465295
PTLE,921,1.605571030465295
VS,922,1.605571030465295
PLSE,923,1.605571030465295
RCAT,924,1.605571030465295
SMCI,925,1.605571030465295
PEGA,926,1.605571030465295
DBVT,927,1.605571030465295
ACRV,928,1.602767761732141
ALT,929,1.602767761732141
FLYE,930,1.602767761732141
HTLD,931,1.602767761732141
FRSX,932,1.602767761732141
FULC,933,1.602767761732141
CLYM,934,1.602767761732141
IMCC,935,1.602767761732141
TCMD,936,1.602767761732141
TMCWW,937,1.602767761732141
TNYA,938,1.602767761732141
VVPR,939,1.602767761732141
WGMI,940,1.602767761732141
WULF,941,1.602767761732141
OMER,942,1.602767761732141
TCOM,943,1.602767761732141
WKHS,944,1.602767761732141
SPRX,945,1.602767761732141
AQB,946,1.5988798964814632
CLFD,947,1.5988798964814632
EQ,948,1.5988798964814632
CVKD,949,1.5988798964814632
LDWY,950,1.5988798964814632
KRMD,951,1.5988798964814632
INBX,952,1.5988798964814632
NAGE,953,1.5988798964814632
SPHL,954,1.5988798964814632
SRTS,955,1.5988798964814632
STRO,956,1.5988798964814632
OPRX,957,1.5988798964814632
TSLQ,958,1.5988798964814632
VGSR,959,1.5988798964814632
MYGN,960,1.5988798964814632
MYNZ,961,1.5988798964814632
RBIL,962,1.5988798964814632
WINT,963,1.5988798964814632
TIRX,964,1.5988798964814632
ADTX,965,1.5946680424598954
API,966,1.5946680424598954
APEI,967,1.5946680424598954
CMCO,968,1.5946680424598954
CAMT,969,1.5946680424598954
CRNX,970,1.5946680424598954
CENT,971,1.5946680424598954
FVCB,972,1.5946680424598954
BCTX,973,1.5946680424598954
GGLS,974,1.5946680424598954
LEE,975,1.5946680424598954
PLTD,976,1.5946680424598954
SJ,977,1.5946680424598954
SKYX,978,1.5946680424598954
NVNO,979,1.5946680424598954
VANI,980,1.5946680424598954
RANI,981,1.5946680424598954
WRD,982,1.5946680424598954
ONCO,983,1.5946680424598954
NRDS,984,1.5946680424598954
OSBC,985,1.5946680424598954
IPCXU,986,1.5933261355474961
HFBL,987,1.5927840692384883
ACGLO,988,1.5900899402625392
BEEM,989,1.5900899402625392
CLPS,990,1.5900899402625392
CZR,991,1.5900899402625392
DGLY,992,1.5900899402625392
ESCA,993,1.5900899402625392
RNTX,994,1.5900899402625392
TXG,995,1.5900899402625392
PRQR,996,1.5900899402625392
IONX,997,1.5900899402625392
SELF,998,1.5900899402625392
SNCR,999,1.5900899402625392
SRZN,1000,1.5900899402625392
FCEL,1001,1.5900899402625392
MNPR,1002,1.5900899402625392
RUN,1003,1.5900899402625392
SOFX,1004,1.5900899402625392
GNFT,1005,1.5900899402625392
ALDX,1006,1.589371591920804
ALGM,1007,1.589371591920804
AOSL,1008,1.589371591920804
ANGO,1009,1.589371591920804
APPN,1010,1.589371591920804
ARDX,1011,1.589371591920804
AXON,1012,1.589371591920804
BRKD,1013,1.589371591920804
CADL,1014,1.589371591920804
ATLCL,1015,1.589371591920804
BSVN,1016,1.589371591920804
CRVO,1017,1.589371591920804
DGICA,1018,1.589371591920804
EVGO,1019,1.589371591920804
FRAF,1020,1.589371591920804
BHRB,1021,1.589371591920804
HUMA,1022,1.589371591920804
DRIV,1023,1.589371591920804
IGSB,1024,1.589371591920804
DXST,1025,1.589371591920804
GFAI,1026,1.589371591920804
LCUT,1027,1.589371591920804
CHY,1028,1.589371591920804
DVY,1029,1.589371591920804
OKTA,1030,1.589371591920804
MBWM,1031,1.589371591920804
HYDR,1032,1.589371591920804
ICMB,1033,1.589371591920804
NTCT,1034,1.589371591920804
KBWB,1035,1.589371591920804
GNPX,1036,1.589371591920804
OXLCL,1037,1.589371591920804
UCTT,1038,1.589371591920804
QXQ,1039,1.589371591920804
OFS,1040,1.589371591920804
LPAA,1041,1.589371591920804
PPH,1042,1.589371591920804
ULH,1043,1.589371591920804
MASS,1044,1.589371591920804
WLFC,1045,1.589371591920804
IEP,1046,1.589371591920804
MRTN,1047,1.589371591920804
RNXT,1048,1.589371591920804
EPSM,1049,1.589371591920804
KBWP,1050,1.589371591920804
PCYO,1051,1.589371591920804
WAI,1052,1.589371591920804
WAVE,1053,1.589371591920804
SDSI,1054,1.589371591920804
SBCF,1055,1.589371591920804
NTRB,1056,1.589371591920804
TECH,1057,1.589371591920804
PLUG,1058,1.589371591920804
NITO,1059,1.589371591920804
VIR,1060,1.589371591920804
STBA,1061,1.589371591920804
TOP,1062,1.589371591920804
ABCL,1063,1.5850956469563324
ABLLL,1064,1.5850956469563324
AIRG,1065,1.5850956469563324
ALOT,1066,1.5850956469563324
ALTO,1067,1.5850956469563324
CAPT,1068,1.5850956469563324
CFBK,1069,1.5850956469563324
BWEN,1070,1.5850956469563324
CCCC,1071,1.5850956469563324
DYAI,1072,1.5850956469563324
CDLX,1073,1.5850956469563324
JVA,1074,1.5850956469563324
JZXN,1075,1.5850956469563324
IDN,1076,1.5850956469563324
JYD,1077,1.5850956469563324
PAVS,1078,1.5850956469563324
LOGC,1079,1.5850956469563324
HWH,1080,1.5850956469563324
MNMD,1081,1.5850956469563324
NAVI,1082,1.5850956469563324
PLRZ,1083,1.5850956469563324
REVB,1084,1.5850956469563324
RITR,1085,1.5850956469563324
SKYE,1086,1.5850956469563324
NVDL,1087,1.5850956469563324
LIDRW,1088,1.5850956469563324
TNXP,1089,1.5850956469563324
FCFS,1090,1.5850956469563324
UCAR,1091,1.5850956469563324
NTCL,1092,1.5850956469563324
PMEC,1093,1.5850956469563324
ORGN,1094,1.5850956469563324
HSPTU,1095,1.5849750308528399
ARBKL,1096,1.5796257066685824
BRY,1097,1.5796257066685824
CVGW,1098,1.5796257066685824
BAFE,1099,1.5796257066685824
CRTO,1100,1.5796257066685824
CMCT,1101,1.5796257066685824
CTSO,1102,1.5796257066685824
GSM,1103,1.5796257066685824
JSPR,1104,1.5796257066685824
GOCO,1105,1.5796257066685824
NOTV,1106,1.5796257066685824
PTIX,1107,1.5796257066685824
QNTM,1108,1.5796257066685824
WEEI,1109,1.5796257066685824
NCTY,1110,1.5796257066685824
NMFCZ,1111,1.5796257066685824
WFF,1112,1.5796257066685824
TAIT,1113,1.5796257066685824
NIU,1114,1.5796257066685824
EH,1115,1.5796257066685824
SNFCA,1116,1.5796257066685824
UHG,1117,1.5796257066685824
QQXT,1118,1.5796257066685824
CARM,1119,1.578179041163292
MAYA,1120,1.5738173066931378
AGNCO,1121,1.573608772352057
APM,1122,1.573608772352057
APYX,1123,1.573608772352057
ATHA,1124,1.573608772352057
BCG,1125,1.573608772352057
EDIT,1126,1.573608772352057
DLTH,1127,1.573608772352057
DLHC,1128,1.573608772352057
GASS,1129,1.573608772352057
CRIS,1130,1.573608772352057
JBDI,1131,1.573608772352057
FHTX,1132,1.573608772352057
MGRX,1133,1.573608772352057
MVBF,1134,1.573608772352057
ELBM,1135,1.573608772352057
OLMA,1136,1.573608772352057
OSS,1137,1.573608772352057
LBRDP,1138,1.573608772352057
GRRR,1139,1.573608772352057
PLXS,1140,1.573608772352057
RVPH,1141,1.573608772352057
SDG,1142,1.573608772352057
RGNX,1143,1.573608772352057
NAMS,1144,1.573608772352057
NCNA,1145,1.573608772352057
MARA,1146,1.573608772352057
VFF,1147,1.573608772352057
MGNX,1148,1.573608772352057
ZURA,1149,1.573608772352057
FBRX,1150,1.573608772352057
VLYPP,1151,1.573608772352057
VRME,1152,1.573608772352057
SMTK,1153,1.573608772352057
RFIL,1154,1.573608772352057
MYMH,1155,1.573608772352057
SABR,1156,1.573608772352057
ADEA,1157,1.5702268009136782
ALNT,1158,1.5702268009136782
AMD,1159,1.5702268009136782
ALAB,1160,1.5702268009136782
AFCG,1161,1.5702268009136782
BSMQ,1162,1.5702268009136782
CCLD,1163,1.5702268009136782
CWST,1164,1.5702268009136782
EBI,1165,1.5702268009136782
BAFN,1166,1.5702268009136782
CVRX,1167,1.5702268009136782
FCEF,1168,1.5702268009136782
FRST,1169,1.5702268009136782
EBIZ,1170,1.5702268009136782
CELC,1171,1.5702268009136782
GLBZ,1172,1.5702268009136782
ESLT,1173,1.5702268009136782
CVAC,1174,1.5702268009136782
IPKW,1175,1.5702268009136782
ENTG,1176,1.5702268009136782
KYMR,1177,1.5702268009136782
CGO,1178,1.5702268009136782
EZPW,1179,1.5702268009136782
INVA,1180,1.5702268009136782
NWBI,1181,1.5702268009136782
OPRA,1182,1.5702268009136782
LOT,1183,1.5702268009136782
PHUN,1184,1.5702268009136782
HRMY,1185,1.5702268009136782
CRAI,1186,1.5702268009136782
NNBR,1187,1.5702268009136782
OTLY,1188,1.5702268009136782
TIPT,1189,1.5702268009136782
PCVX,1190,1.5702268009136782
USEA,1191,1.5702268009136782
DTIL,1192,1.5702268009136782
SCSC,1193,1.5702268009136782
NEO,1194,1.5702268009136782
KOSS,1195,1.5702268009136782
TARS,1196,1.5702268009136782
TNMG,1197,1.5702268009136782
PMCB,1198,1.5702268009136782
LUNR,1199,1.5702268009136782
SBGI,1200,1.5702268009136782
TZOO,1201,1.5702268009136782
RNA,1202,1.5702268009136782
TFIN,1203,1.5702268009136782
JTAI,1204,1.5702268009136782
TOYO,1205,1.5702268009136782
SMCO,1206,1.5702268009136782
TACOU,1207,1.5702268009136782
XEL,1208,1.5702268009136782
AAPL,1209,1.5669584765285292
AGGA,1210,1.5669584765285292
AISP,1211,1.5669584765285292
APDN,1212,1.5669584765285292
ALVO,1213,1.5669584765285292
BBGI,1214,1.5669584765285292
CGEN,1215,1.5669584765285292
CLNN,1216,1.5669584765285292
FDIG,1217,1.5669584765285292
FRSH,1218,1.5669584765285292
FTFT,1219,1.5669584765285292
GALT,1220,1.5669584765285292
CSAI,1221,1.5669584765285292
GHRS,1222,1.5669584765285292
FEAT,1223,1.5669584765285292
CREV,1224,1.5669584765285292
LMFA,1225,1.5669584765285292
ICU,1226,1.5669584765285292
MSGM,1227,1.5669584765285292
KLXE,1228,1.5669584765285292
LPTX,1229,1.5669584765285292
HOTH,1230,1.5669584765285292
RKLX,1231,1.5669584765285292
IVVD,1232,1.5669584765285292
OM,1233,1.5669584765285292
KTOS,1234,1.5669584765285292
EVYM,1235,1.5669584765285292
LNKS,1236,1.5669584765285292
PLUR,1237,1.5669584765285292
LX,1238,1.5669584765285292
NAOV,1239,1.5669584765285292
NHTC,1240,1.5669584765285292
NPCE,1241,1.5669584765285292
PHIO,1242,1.5669584765285292
TXRH,1243,1.5669584765285292
RVYL,1244,1.5669584765285292
NUSB,1245,1.5669584765285292
SPRO,1246,1.5669584765285292
MOBX,1247,1.5669584765285292
SWVL,1248,1.5669584765285292
SGD,1249,1.5669584765285292
SGRP,1250,1.5669584765285292
SOXL,1251,1.5669584765285292
SANW,1252,1.5667130138813476
GTBP,1253,1.5633396754201379
POWWP,1254,1.5600041767910224
AMDL,1255,1.5595692589468315
AMLX,1256,1.5595692589468315
AMWD,1257,1.5595692589468315
AUID,1258,1.5595692589468315
ANIX,1259,1.5595692589468315
BSET,1260,1.5595692589468315
BPRN,1261,1.5595692589468315
BLZE,1262,1.5595692589468315
ENTA,1263,1.5595692589468315
FIXD,1264,1.5595692589468315
DOMH,1265,1.5595692589468315
ELIL,1266,1.5595692589468315
DHCNI,1267,1.5595692589468315
CNTB,1268,1.5595692589468315
LINC,1269,1.5595692589468315
FDMT,1270,1.5595692589468315
MEGL,1271,1.5595692589468315
INTC,1272,1.5595692589468315
NFE,1273,1.5595692589468315
MCRB,1274,1.5595692589468315
SSSS,1275,1.5595692589468315
TRNS,1276,1.5595692589468315
PIE,1277,1.5595692589468315
VMD,1278,1.5595692589468315
FORR,1279,1.5595692589468315
NIPG,1280,1.5595692589468315
TLSI,1281,1.5595692589468315
MLYS,1282,1.5595692589468315
GDEN,1283,1.5595692589468315
SLGL,1284,1.5595692589468315
KZR,1285,1.5595692589468315
MNDR,1286,1.5595692589468315
RGEN,1287,1.5595692589468315
HSAI,1288,1.5595692589468315
PERI,1289,1.5595692589468315
USAU,1290,1.5595692589468315
WXM,1291,1.5595692589468315
RIGL,1292,1.5595692589468315
SATL,1293,1.5595692589468315
TXMD,1294,1.5595692589468315
SPWR,1295,1.5595692589468315
PIII,1296,1.5595692589468315
SUGP,1297,1.559204615370913
SERV,1298,1.5531661149815685
ADPT,1299,1.5513107216496402
AIXI,1300,1.5513107216496402
ARVR,1301,1.5513107216496402
AVPT,1302,1.5513107216496402
BJRI,1303,1.5513107216496402
CURI,1304,1.5513107216496402
CLRO,1305,1.5513107216496402
FCBC,1306,1.5513107216496402
BZFD,1307,1.5513107216496402
FTEK,1308,1.5513107216496402
GIPR,1309,1.5513107216496402
GMHS,1310,1.5513107216496402
FRD,1311,1.5513107216496402
ISTB,1312,1.5513107216496402
CENN,1313,1.5513107216496402
FCCO,1314,1.5513107216496402
MCHX,1315,1.5513107216496402
MUD,1316,1.5513107216496402
LZMH,1317,1.5513107216496402
GLE,1318,1.5513107216496402
PATK,1319,1.5513107216496402
PGJ,1320,1.5513107216496402
WSC,1321,1.5513107216496402
REBN,1322,1.5513107216496402
RGC,1323,1.5513107216496402
RIME,1324,1.5513107216496402
NAMI,1325,1.5513107216496402
NIXX,1326,1.5513107216496402
SNDX,1327,1.5513107216496402
CSTE,1328,1.5513107216496402
SRAD,1329,1.5513107216496402
OPXS,1330,1.5513107216496402
TARK,1331,1.5513107216496402
LSTA,1332,1.5513107216496402
PT,1333,1.5513107216496402
QMOM,1334,1.5513107216496402
IMTE,1335,1.5513107216496402
SXTP,1336,1.5513107216496402
PDEX,1337,1.5513107216496402
VICR,1338,1.5513107216496402
MXL,1339,1.5513107216496402
UTSI,1340,1.5513107216496402
WIX,1341,1.5513107216496402
LOGI,1342,1.5513107216496402
TAOP,1343,1.5513107216496402
VERI,1344,1.5513107216496402
SITM,1345,1.5513107216496402
ESHA,1346,1.5504844062210708
LIMN,1347,1.550413269215838
ASST,1348,1.549422244740175
WSBK,1349,1.5483907702859137
CHR,1350,1.5473163177293914
AAPD,1351,1.5472530517051273
ACRS,1352,1.5472530517051273
ACNB,1353,1.5472530517051273
AMZN,1354,1.5472530517051273
AVGO,1355,1.5472530517051273
BSJU,1356,1.5472530517051273
AVAV,1357,1.5472530517051273
BVS,1358,1.5472530517051273
CARE,1359,1.5472530517051273
BSCV,1360,1.5472530517051273
CTBI,1361,1.5472530517051273
DGRE,1362,1.5472530517051273
CORZ,1363,1.5472530517051273
BDSX,1364,1.5472530517051273
CING,1365,1.5472530517051273
DGRS,1366,1.5472530517051273
FER,1367,1.5472530517051273
FLYW,1368,1.5472530517051273
GNSS,1369,1.5472530517051273
ETON,1370,1.5472530517051273
GRPN,1371,1.5472530517051273
FA,1372,1.5472530517051273
FATBB,1373,1.5472530517051273
FFIN,1374,1.5472530517051273
FORA,1375,1.5472530517051273
FRBA,1376,1.5472530517051273
DYNXU,1377,1.5472530517051273
IONR,1378,1.5472530517051273
IPHA,1379,1.5472530517051273
GFS,1380,1.5472530517051273
DNLI,1381,1.5472530517051273
IRON,1382,1.5472530517051273
EPSN,1383,1.5472530517051273
OCUL,1384,1.5472530517051273
PAX,1385,1.5472530517051273
HBAN,1386,1.5472530517051273
PBYI,1387,1.5472530517051273
LMNR,1388,1.5472530517051273
RDCM,1389,1.5472530517051273
RELL,1390,1.5472530517051273
MSFU,1391,1.5472530517051273
NTNX,1392,1.5472530517051273
JD,1393,1.5472530517051273
OMH,1394,1.5472530517051273
ONB,1395,1.5472530517051273
TCBIO,1396,1.5472530517051273
PAMT,1397,1.5472530517051273
USVM,1398,1.5472530517051273
ROAD,1399,1.5472530517051273
FSV,1400,1.5472530517051273
NCPB,1401,1.5472530517051273
IONS,1402,1.5472530517051273
SKYU,1403,1.5472530517051273
SYBT,1404,1.5472530517051273
LICN,1405,1.5472530517051273
ULCC,1406,1.5472530517051273
MTEX,1407,1.5472530517051273
EFAS,1408,1.5472530517051273
OCSL,1409,1.5472530517051273
RARE,1410,1.5472530517051273
MPAA,1411,1.5472530517051273
PCRX,1412,1.5472530517051273
URGN,1413,1.5472530517051273
FGBIP,1414,1.5472530517051273
FDNI,1415,1.5472530517051273
PYXS,1416,1.5472530517051273
VTVT,1417,1.5472530517051273
EDTK,1418,1.5450272666307132
EXEEL,1419,1.543314735598785
DHAI,1420,1.5425301199776098
UONEK,1421,1.5425301199776098
ADVB,1422,1.5420198671902996
AMZU,1423,1.5420198671902996
AXSM,1424,1.5420198671902996
BNAI,1425,1.5420198671902996
CONL,1426,1.5420198671902996
EVGN,1427,1.5420198671902996
BTGD,1428,1.5420198671902996
EM,1429,1.5420198671902996
HKPD,1430,1.5420198671902996
CLAR,1431,1.5420198671902996
CLIR,1432,1.5420198671902996
DMAT,1433,1.5420198671902996
CELH,1434,1.5420198671902996
FNWD,1435,1.5420198671902996
IPDN,1436,1.5420198671902996
NVAX,1437,1.5420198671902996
GLNG,1438,1.5420198671902996
GRABW,1439,1.5420198671902996
LGCL,1440,1.5420198671902996
LIXT,1441,1.5420198671902996
BBNX,1442,1.5420198671902996
GERN,1443,1.5420198671902996
ONC,1444,1.5420198671902996
GTIM,1445,1.5420198671902996
PCSA,1446,1.5420198671902996
TRDA,1447,1.5420198671902996
LTBR,1448,1.5420198671902996
QTRX,1449,1.5420198671902996
IBRX,1450,1.5420198671902996
RNWWW,1451,1.5420198671902996
CWD,1452,1.5420198671902996
POWW,1453,1.5420198671902996
VSEE,1454,1.5420198671902996
ENSG,1455,1.5420198671902996
NXPI,1456,1.5420198671902996
SRPT,1457,1.5420198671902996
TSMZ,1458,1.5420198671902996
PTEN,1459,1.5420198671902996
IFRX,1460,1.5420198671902996
LNW,1461,1.5420198671902996
TSSI,1462,1.5420198671902996
SOLT,1463,1.5420198671902996
TWIN,1464,1.5420198671902996
MIDD,1465,1.5420198671902996
MIGI,1466,1.5397951498337348
KXIN,1467,1.5397951498337348
BLIN,1468,1.5367866826754721
BNRG,1469,1.5367866826754721
ENTO,1470,1.5367866826754721
FBIO,1471,1.535166738821023
FDIF,1472,1.535166738821023
QNCX,1473,1.535166738821023
SMCL,1474,1.535166738821023
CABA,1475,1.5334615347637082
DGXX,1476,1.5334615347637082
SOWG,1477,1.5334615347637082
MTVA,1478,1.5334615347637082
CLGN,1479,1.5316641575141061
ALEC,1480,1.5314902321363804
AIP,1481,1.5314902321363804
AMIX,1482,1.5314902321363804
BCYC,1483,1.5314902321363804
ATAT,1484,1.5314902321363804
BTF,1485,1.5314902321363804
BTOG,1486,1.5314902321363804
BEAG,1487,1.5314902321363804
CHPS,1488,1.5314902321363804
ESPR,1489,1.5314902321363804
EXPI,1490,1.5314902321363804
CLIK,1491,1.5314902321363804
BULLW,1492,1.5314902321363804
FLD,1493,1.5314902321363804
HRTX,1494,1.5314902321363804
DRCT,1495,1.5314902321363804
IBB,1496,1.5314902321363804
ICON,1497,1.5314902321363804
IDCC,1498,1.5314902321363804
GBFH,1499,1.5314902321363804
LAYS,1500,1.5314902321363804
CIVB,1501,1.5314902321363804
DRIO,1502,1.5314902321363804
EHLD,1503,1.5314902321363804
ETHA,1504,1.5314902321363804
KOPN,1505,1.5314902321363804
GPCR,1506,1.5314902321363804
LXRX,1507,1.5314902321363804
MAZE,1508,1.5314902321363804
PTIR,1509,1.5314902321363804
CNTX,1510,1.5314902321363804
RZLV,1511,1.5314902321363804
SEDG,1512,1.5314902321363804
NEWT,1513,1.5314902321363804
IPX,1514,1.5314902321363804
SLDP,1515,1.5314902321363804
NSYS,1516,1.5314902321363804
SPPL,1517,1.5314902321363804
TZUP,1518,1.5314902321363804
VCIG,1519,1.5314902321363804
WISE,1520,1.5314902321363804
CRSP,1521,1.5314902321363804
OGI,1522,1.5314902321363804
UFPI,1523,1.5314902321363804
PROP,1524,1.5314902321363804
PULM,1525,1.5314902321363804
QUBT,1526,1.5314902321363804
XAIR,1527,1.5314902321363804
TCX,1528,1.5314902321363804
HBNC,1529,1.5314902321363804
FCTE,1530,1.5314902321363804
PRE,1531,1.5314902321363804
QDTY,1532,1.5314902321363804
VRM,1533,1.5314902321363804
QURE,1534,1.5314902321363804
MITK,1535,1.5314902321363804
YHC,1536,1.5314902321363804
RZLT,1537,1.5314902321363804
STIM,1538,1.5314902321363804
WHF,1539,1.5314902321363804
XT,1540,1.5314902321363804
SBFG,1541,1.5314902321363804
NNOX,1542,1.5314902321363804
SOPH,1543,1.5314902321363804
UONE,1544,1.5314902321363804
CDTG,1545,1.5297669259728595
AIQ,1546,1.5277612812006842
CAMP,1547,1.5277612812006842
CETX,1548,1.5277612812006842
SSII,1549,1.5277612812006842
URNJ,1550,1.5277612812006842
YHNA,1551,1.5259169836568414
SCDS,1552,1.5259169836568414
ADI,1553,1.5256376573242636
AEMD,1554,1.5256376573242636
MWYN,1555,1.5256376573242636
NHIC,1556,1.524575076890609
GORV,1557,1.5233853289704842
NVA,1558,1.5233853289704842
LQDT,1559,1.5233853289704842
TCRX,1560,1.5233853289704842
NXXT,1561,1.5233853289704842
CUB,1562,1.5211646345752663
AIRJ,1563,1.5209922300945935
CRESY,1564,1.5209922300945935
GDC,1565,1.5209922300945935
SGBX,1566,1.5209922300945935
ALLO,1567,1.51945636350333
AMRK,1568,1.51945636350333
BRNY,1569,1.51945636350333
CAN,1570,1.51945636350333
CANQ,1571,1.51945636350333
ARVN,1572,1.51945636350333
CRMG,1573,1.51945636350333
GEHC,1574,1.51945636350333
DVLT,1575,1.51945636350333
INOD,1576,1.51945636350333
CDZI,1577,1.51945636350333
GOODO,1578,1.51945636350333
KRNY,1579,1.51945636350333
CIFR,1580,1.51945636350333
DNTH,1581,1.51945636350333
MLKN,1582,1.51945636350333
ILLR,1583,1.51945636350333
GAIA,1584,1.51945636350333
BOTJ,1585,1.51945636350333
NODK,1586,1.51945636350333
LASE,1587,1.51945636350333
GRNQ,1588,1.51945636350333
HPK,1589,1.51945636350333
PRTH,1590,1.51945636350333
MATW,1591,1.51945636350333
FMAO,1592,1.51945636350333
MSFL,1593,1.51945636350333
SBUX,1594,1.51945636350333
GDS,1595,1.51945636350333
JFIN,1596,1.51945636350333
SPAI,1597,1.51945636350333
GLTO,1598,1.51945636350333
SWKH,1599,1.51945636350333
OTLK,1600,1.51945636350333
TOMZ,1601,1.51945636350333
QVCGP,1602,1.51945636350333
SANM,1603,1.51945636350333
BOSC,1604,1.51945636350333
ORMP,1605,1.51945636350333
EYE,1606,1.51945636350333
LIF,1607,1.51945636350333
HOUR,1608,1.51945636350333
WETH,1609,1.51945636350333
MIST,1610,1.51945636350333
XCUR,1611,1.51945636350333
RNW,1612,1.51945636350333
CCAP,1613,1.51945636350333
NAAS,1614,1.51945636350333
GCTK,1615,1.51945636350333
KPDD,1616,1.51945636350333
TCBK,1617,1.51945636350333
PATN,1618,1.51945636350333
PMVP,1619,1.51945636350333
MRM,1620,1.51945636350333
SLE,1621,1.51945636350333
LFVN,1622,1.51945636350333
UK,1623,1.51945636350333
PRZO,1624,1.51945636350333
SUNE,1625,1.51945636350333
PPIH,1626,1.51945636350333
XPEL,1627,1.51945636350333
UXIN,1628,1.51945636350333
PRCT,1629,1.51945636350333
VRTL,1630,1.51945636350333
AOTG,1631,1.5191740248946763
AREB,1632,1.5191740248946763
BEEX,1633,1.5191740248946763
BHFAO,1634,1.5191740248946763
BMR,1635,1.5191740248946763
ARTNA,1636,1.5191740248946763
CGTL,1637,1.5191740248946763
CSGS,1638,1.5191740248946763
COPP,1639,1.5191740248946763
CPB,1640,1.5191740248946763
CTRN,1641,1.5191740248946763
BANF,1642,1.5191740248946763
DOCU,1643,1.5191740248946763
FIZZ,1644,1.5191740248946763
CSTL,1645,1.5191740248946763
GLDI,1646,1.5191740248946763
KPRX,1647,1.5191740248946763
DWSH,1648,1.5191740248946763
OFLX,1649,1.5191740248946763
OS,1650,1.5191740248946763
MACI,1651,1.5191740248946763
RAPT,1652,1.5191740248946763
RVSB,1653,1.5191740248946763
VONE,1654,1.5191740248946763
MYCG,1655,1.5191740248946763
SNDL,1656,1.5191740248946763
GIFT,1657,1.5191740248946763
OLLI,1658,1.5191740248946763
TDTH,1659,1.5191740248946763
TER,1660,1.5191740248946763
PEZ,1661,1.5191740248946763
UFCS,1662,1.5191740248946763
RSVR,1663,1.5191740248946763
GLPI,1664,1.5191740248946763
PENN,1665,1.5191740248946763
QSI,1666,1.5191740248946763
REFI,1667,1.5191740248946763
STRRP,1668,1.5191740248946763
LIN,1669,1.5191740248946763
ABOS,1670,1.5184447377428387
ADAP,1671,1.5184447377428387
MCHI,1672,1.5184447377428387
WLDS,1673,1.5184447377428387
AGIO,1674,1.5157274125676339
ASUR,1675,1.5157274125676339
MHUA,1676,1.5157274125676339
ABVX,1677,1.512822685656208
AFJK,1678,1.512822685656208
BLTE,1679,1.512822685656208
ELUT,1680,1.512822685656208
DPRO,1681,1.512822685656208
NIVF,1682,1.512822685656208
BREA,1683,1.5097104782511086
BLBX,1684,1.5097104782511086
EFRA,1685,1.5097104782511086
JFB,1686,1.5097104782511086
MVLL,1687,1.5097104782511086
SQLV,1688,1.5097104782511086
LPRO,1689,1.5097104782511086
PLTG,1690,1.5097104782511086
ZD,1691,1.5097104782511086
IRBT,1692,1.5097104782511086
OBIO,1693,1.5097104782511086
ADN,1694,1.5063677369641502
ADIL,1695,1.5063677369641502
BTBD,1696,1.5063677369641502
CMPO,1697,1.5063677369641502
CURR,1698,1.5063677369641502
ECDA,1699,1.5063677369641502
DCGO,1700,1.5063677369641502
PALI,1701,1.5063677369641502
KLRS,1702,1.5063677369641502
DRTS,1703,1.5063677369641502
YSXT,1704,1.5063677369641502
VERA,1705,1.5063677369641502
ISPC,1706,1.5063677369641502
SLVR,1707,1.5063677369641502
ADMA,1708,1.5055711304651949
AGEM,1709,1.5055711304651949
AIRR,1710,1.5055711304651949
ASND,1711,1.5055711304651949
ASLE,1712,1.5055711304651949
AXGN,1713,1.5055711304651949
ATEC,1714,1.5055711304651949
BULD,1715,1.5055711304651949
BITS,1716,1.5055711304651949
CALI,1717,1.5055711304651949
ASRV,1718,1.5055711304651949
CDNA,1719,1.5055711304651949
CNCK,1720,1.5055711304651949
FEIM,1721,1.5055711304651949
CRNC,1722,1.5055711304651949
GECCO,1723,1.5055711304651949
FDSB,1724,1.5055711304651949
CMND,1725,1.5055711304651949
DWAS,1726,1.5055711304651949
KOD,1727,1.5055711304651949
LDSF,1728,1.5055711304651949
GTX,1729,1.5055711304651949
HOLO,1730,1.5055711304651949
MBIO,1731,1.5055711304651949
MCW,1732,1.5055711304651949
OCCIN,1733,1.5055711304651949
LAUR,1734,1.5055711304651949
PLBC,1735,1.5055711304651949
HOLX,1736,1.5055711304651949
HOPE,1737,1.5055711304651949
LVO,1738,1.5055711304651949
PSCI,1739,1.5055711304651949
PTF,1740,1.5055711304651949
DOMO,1741,1.5055711304651949
QSG,1742,1.5055711304651949
QYLG,1743,1.5055711304651949
RING,1744,1.5055711304651949
IJT,1745,1.5055711304651949
RLMD,1746,1.5055711304651949
NCMI,1747,1.5055711304651949
SHPH,1748,1.5055711304651949
NNE,1749,1.5055711304651949
NXST,1750,1.5055711304651949
JZ,1751,1.5055711304651949
STX,1752,1.5055711304651949
OPBK,1753,1.5055711304651949
SVCO,1754,1.5055711304651949
ORIS,1755,1.5055711304651949
TTD,1756,1.5055711304651949
DFDV,1757,1.5055711304651949
TWG,1758,1.5055711304651949
LVRO,1759,1.5055711304651949
PROF,1760,1.5055711304651949
PRTA,1761,1.5055711304651949
MASI,1762,1.5055711304651949
PSET,1763,1.5055711304651949
PSHG,1764,1.5055711304651949
PXS,1765,1.5055711304651949
VTHR,1766,1.5055711304651949
WAFU,1767,1.5055711304651949
ICLR,1768,1.5055711304651949
RVSN,1769,1.5055711304651949
SIGIP,1770,1.5055711304651949
SPRY,1771,1.5055711304651949
SWIN,1772,1.5055711304651949
TBCH,1773,1.5055711304651949
HFFG,1774,1.5055711304651949
QQQI,1775,1.5055711304651949
WOK,1776,1.5055711304651949
FTRE,1777,1.5055711304651949
OSRH,1778,1.5055711304651949
LSBK,1779,1.5055711304651949
VYNE,1780,1.5055711304651949
IDXX,1781,1.5055711304651949
MSEX,1782,1.5055711304651949
GNLN,1783,1.5055711304651949
MGYR,1784,1.5055711304651949
WPRT,1785,1.5055711304651949
SGRY,1786,1.5055711304651949
ERIC,1787,1.5055711304651949
JYNT,1788,1.5055711304651949
TCPC,1789,1.5055711304651949
VONV,1790,1.5055711304651949
MMYT,1791,1.5055711304651949
TECX,1792,1.5055711304651949
TEAM,1793,1.5055711304651949
NSTS,1794,1.5055711304651949
ACTU,1795,1.502767861732041
APGE,1796,1.502767861732041
BSLK,1797,1.502767861732041
ICLN,1798,1.502767861732041
POLA,1799,1.502767861732041
PLAY,1800,1.502767861732041
WLGS,1801,1.502767861732041
YYGH,1802,1.502767861732041
VSME,1803,1.502767861732041
KALA,1804,1.502767861732041
BNGO,1805,1.498879996481363
DTSS,1806,1.498879996481363
JFU,1807,1.498879996481363
JMSB,1808,1.498879996481363
REGCO,1809,1.498879996481363
SYM,1810,1.498879996481363
PXLW,1811,1.498879996481363
SERA,1812,1.498879996481363
PRSO,1813,1.498879996481363
ITRM,1814,1.498879996481363
ABVC,1815,1.4946681424597954
AZ,1816,1.4946681424597954
BHAT,1817,1.4946681424597954
ENGN,1818,1.4946681424597954
HSDT,1819,1.4946681424597954
GDHG,1820,1.4946681424597954
PLAB,1821,1.4946681424597954
NEOG,1822,1.4946681424597954
PLTR,1823,1.4946681424597954
HWAY,1824,1.4946681424597954
TANH,1825,1.4946681424597954
IBAC,1826,1.4940535138381832
DRMA,1827,1.4900900402624393
BBLG,1828,1.4900900402624393
IMMP,1829,1.4900900402624393
PMAX,1830,1.4900900402624393
RAIN,1831,1.4900900402624393
XCH,1832,1.4900900402624393
ABAT,1833,1.4893716919207038
ACLX,1834,1.4893716919207038
AMGN,1835,1.4893716919207038
AVXL,1836,1.4893716919207038
ATYR,1837,1.4893716919207038
BSCP,1838,1.4893716919207038
CASS,1839,1.4893716919207038
CDXS,1840,1.4893716919207038
CMMB,1841,1.4893716919207038
ASMB,1842,1.4893716919207038
CDW,1843,1.4893716919207038
BSCU,1844,1.4893716919207038
CIBR,1845,1.4893716919207038
CLMB,1846,1.4893716919207038
DMXF,1847,1.4893716919207038
CAKE,1848,1.4893716919207038
CALM,1849,1.4893716919207038
BOKF,1850,1.4893716919207038
EXFY,1851,1.4893716919207038
DUOL,1852,1.4893716919207038
FORM,1853,1.4893716919207038
CNXN,1854,1.4893716919207038
CCBG,1855,1.4893716919207038
ENPH,1856,1.4893716919207038
CRVL,1857,1.4893716919207038
GTR,1858,1.4893716919207038
BLBD,1859,1.4893716919207038
FLXS,1860,1.4893716919207038
IMPP,1861,1.4893716919207038
ECPG,1862,1.4893716919207038
INTG,1863,1.4893716919207038
JDZG,1864,1.4893716919207038
LOVE,1865,1.4893716919207038
FDCF,1866,1.4893716919207038
IBTL,1867,1.4893716919207038
MNKD,1868,1.4893716919207038
EQRR,1869,1.4893716919207038
HAO,1870,1.4893716919207038
LILA,1871,1.4893716919207038
HNVR,1872,1.4893716919207038
LUCYW,1873,1.4893716919207038
MREO,1874,1.4893716919207038
RILYK,1875,1.4893716919207038
MSFT,1876,1.4893716919207038
SAIA,1877,1.4893716919207038
SIRI,1878,1.4893716919207038
SPCY,1879,1.4893716919207038
TNON,1880,1.4893716919207038
PIZ,1881,1.4893716919207038
VIGI,1882,1.4893716919207038
PYPL,1883,1.4893716919207038
WVVIP,1884,1.4893716919207038
RKLB,1885,1.4893716919207038
MSPR,1886,1.4893716919207038
ORKA,1887,1.4893716919207038
PFG,1888,1.4893716919207038
PRFZ,1889,1.4893716919207038
XMAG,1890,1.4893716919207038
MRVI,1891,1.4893716919207038
SBRA,1892,1.4893716919207038
JSM,1893,1.4893716919207038
OCGN,1894,1.4893716919207038
SRRK,1895,1.4893716919207038
OMCL,1896,1.4893716919207038
TBLA,1897,1.4893716919207038
TUGN,1898,1.4893716919207038
MAMO,1899,1.4893716919207038
GOOG,1900,1.4893716919207038
PDSB,1901,1.4893716919207038
PSL,1902,1.4893716919207038
FISI,1903,1.4893716919207038
RETO,1904,1.4893716919207038
SLDB,1905,1.4893716919207038
TSLG,1906,1.4893716919207038
PENG,1907,1.4893716919207038
QCRH,1908,1.4893716919207038
WLAC,1909,1.4893716919207038
FEBO,1910,1.4893716919207038
HURN,1911,1.4893716919207038
APLT,1912,1.4850957469562325
AMBR,1913,1.4850957469562325
NTRP,1914,1.4850957469562325
PSTV,1915,1.4850957469562325
HURA,1916,1.4850957469562325
SWBI,1917,1.4850957469562325
LNZA,1918,1.4850957469562325
CATY,1919,1.4850957469562325
MLGO,1920,1.4850957469562325
PHAR,1921,1.4850957469562325
VERO,1922,1.4850957469562325
AOUT,1923,1.4840752413816123
ANIP,1924,1.4840752413816123
BSCX,1925,1.4840752413816123
CHSCO,1926,1.4840752413816123
EBAY,1927,1.4840752413816123
CHGX,1928,1.4840752413816123
GSBC,1929,1.4840752413816123
MBINN,1930,1.4840752413816123
IBEX,1931,1.4840752413816123
NTRSO,1932,1.4840752413816123
QLYS,1933,1.4840752413816123
FYT,1934,1.4840752413816123
USMC,1935,1.4840752413816123
PTGX,1936,1.4840752413816123
ROP,1937,1.4840752413816123
VCRB,1938,1.4840752413816123
SIBN,1939,1.4840752413816123
SWKS,1940,1.4840752413816123
VCIT,1941,1.4840752413816123
PAYS,1942,1.4840752413816123
TCHI,1943,1.4840752413816123
REIT,1944,1.4840752413816123
UIVM,1945,1.4840752413816123
AHCO,1946,1.4796258066684824
ATER,1947,1.4796258066684824
BHST,1948,1.4796258066684824
CXAI,1949,1.4796258066684824
ARBE,1950,1.4796258066684824
DJCO,1951,1.4796258066684824
LRE,1952,1.4796258066684824
NBTB,1953,1.4796258066684824
INGN,1954,1.4796258066684824
MCSE,1955,1.4796258066684824
SDOT,1956,1.4796258066684824
OBLG,1957,1.4796258066684824
TROO,1958,1.4796258066684824
NKSH,1959,1.4796258066684824
OPAL,1960,1.4796258066684824
AIOT,1961,1.4736088723519571
AMDG,1962,1.4736088723519571
ARQQ,1963,1.4736088723519571
AQWA,1964,1.4736088723519571
EFOI,1965,1.4736088723519571
EEIQ,1966,1.4736088723519571
CSPI,1967,1.4736088723519571
CYCN,1968,1.4736088723519571
DGII,1969,1.4736088723519571
MKSI,1970,1.4736088723519571
RNAC,1971,1.4736088723519571
RVNL,1972,1.4736088723519571
SILO,1973,1.4736088723519571
KITT,1974,1.4736088723519571
HST,1975,1.4736088723519571
SGLY,1976,1.4736088723519571
ULBI,1977,1.4736088723519571
UPGR,1978,1.4736088723519571
PTHL,1979,1.4736088723519571
RAPP,1980,1.4736088723519571
NEOV,1981,1.4736088723519571
VRNS,1982,1.4736088723519571
XHG,1983,1.4736088723519571
TNGX,1984,1.4736088723519571
INTW,1985,1.4736088723519571
OCG,1986,1.4736088723519571
ACGLN,1987,1.4702269009135782
AIRE,1988,1.4702269009135782
ASTH,1989,1.4702269009135782
ASTL,1990,1.4702269009135782
ATEX,1991,1.4702269009135782
ATLC,1992,1.4702269009135782
AQST,1993,1.4702269009135782
ALLR,1994,1.4702269009135782
ARTW,1995,1.4702269009135782
BLIV,1996,1.4702269009135782
AZN,1997,1.4702269009135782
BSMU,1998,1.4702269009135782
CCEC,1999,1.4702269009135782
CDC,2000,1.4702269009135782
BZUN,2001,1.4702269009135782
CNOB,2002,1.4702269009135782
BLDP,2003,1.4702269009135782
CPBI,2004,1.4702269009135782
ENTX,2005,1.4702269009135782
ETSY,2006,1.4702269009135782
BSJS,2007,1.4702269009135782
FDIV,2008,1.4702269009135782
CLDX,2009,1.4702269009135782
DVLU,2010,1.4702269009135782
DWSN,2011,1.4702269009135782
BMBL,2012,1.4702269009135782
DXLG,2013,1.4702269009135782
COLB,2014,1.4702269009135782
FV,2015,1.4702269009135782
EXE,2016,1.4702269009135782
HELE,2017,1.4702269009135782
FFIC,2018,1.4702269009135782
HYBI,2019,1.4702269009135782
GLPG,2020,1.4702269009135782
CHNR,2021,1.4702269009135782
FNLC,2022,1.4702269009135782
IKT,2023,1.4702269009135782
FSLR,2024,1.4702269009135782
INBS,2025,1.4702269009135782
INTR,2026,1.4702269009135782
GPRO,2027,1.4702269009135782
LION,2028,1.4702269009135782
LSE,2029,1.4702269009135782
PSNY,2030,1.4702269009135782
MCBS,2031,1.4702269009135782
HWCPZ,2032,1.4702269009135782
QTOP,2033,1.4702269009135782
FLX,2034,1.4702269009135782
REAL,2035,1.4702269009135782
ICUI,2036,1.4702269009135782
RILYP,2037,1.4702269009135782
NDAQ,2038,1.4702269009135782
CPRX,2039,1.4702269009135782
EJH,2040,1.4702269009135782
NICE,2041,1.4702269009135782
OCCIM,2042,1.4702269009135782
STEP,2043,1.4702269009135782
EWJV,2044,1.4702269009135782
GSHD,2045,1.4702269009135782
TIGR,2046,1.4702269009135782
TSL,2047,1.4702269009135782
TSLS,2048,1.4702269009135782
UMBF,2049,1.4702269009135782
ULTA,2050,1.4702269009135782
WBTN,2051,1.4702269009135782
WSBC,2052,1.4702269009135782
NCNO,2053,1.4702269009135782
SDST,2054,1.4702269009135782
SEIC,2055,1.4702269009135782
SHBI,2056,1.4702269009135782
SONO,2057,1.4702269009135782
PANL,2058,1.4702269009135782
TRUE,2059,1.4702269009135782
UTMD,2060,1.4702269009135782
HTLM,2061,1.4702269009135782
MFIC,2062,1.4702269009135782
RBNE,2063,1.4702269009135782
FWONK,2064,1.4702269009135782
STRF,2065,1.4702269009135782
LFSC,2066,1.4702269009135782
PPC,2067,1.4702269009135782
LYTS,2068,1.4702269009135782
MKZR,2069,1.4702269009135782
RECT,2070,1.4702269009135782
YQ,2071,1.4702269009135782
SBC,2072,1.4702269009135782
GNLX,2073,1.4702269009135782
LEGH,2074,1.4702269009135782
LXEO,2075,1.4702269009135782
VBNK,2076,1.4702269009135782
YGMZ,2077,1.4702269009135782
GTEC,2078,1.4702269009135782
MOMO,2079,1.4702269009135782
PRAA,2080,1.4702269009135782
NFBK,2081,1.4702269009135782
WTBA,2082,1.4702269009135782
WYHG,2083,1.4702269009135782
SQFT,2084,1.4702269009135782
YHGJ,2085,1.4679903895390796
PFX,2086,1.4679903895390796
ASPI,2087,1.4669585765284292
ACET,2088,1.4669585765284292
CGC,2089,1.4669585765284292
GREE,2090,1.4669585765284292
IQ,2091,1.4669585765284292
GSIT,2092,1.4669585765284292
LGMK,2093,1.4669585765284292
QTTB,2094,1.4669585765284292
MAAS,2095,1.4669585765284292
VMAR,2096,1.4669585765284292
CNDT,2097,1.4669585765284292
XPON,2098,1.4669585765284292
HOFV,2099,1.4669585765284292
MNSB,2100,1.4669585765284292
TLRY,2101,1.4669585765284292
XRX,2102,1.4669585765284292
SFD,2103,1.4669585765284292
ABTS,2104,1.4595693589467316
ABCS,2105,1.4595693589467316
ARAY,2106,1.4595693589467316
BIVI,2107,1.4595693589467316
BIOA,2108,1.4595693589467316
CHRS,2109,1.4595693589467316
BNTC,2110,1.4595693589467316
ENVB,2111,1.4595693589467316
INHD,2112,1.4595693589467316
FAB,2113,1.4595693589467316
LWAY,2114,1.4595693589467316
ELAB,2115,1.4595693589467316
OUST,2116,1.4595693589467316
PMTS,2117,1.4595693589467316
RMCF,2118,1.4595693589467316
RMSG,2119,1.4595693589467316
RYET,2120,1.4595693589467316
OLB,2121,1.4595693589467316
WVVI,2122,1.4595693589467316
IMAB,2123,1.4595693589467316
NAII,2124,1.4595693589467316
SSKN,2125,1.4595693589467316
IART,2126,1.4595693589467316
SHMD,2127,1.4595693589467316
EVER,2128,1.4595693589467316
JL,2129,1.4595693589467316
BLCR,2130,1.4578460527832104
ATHE,2131,1.4513108216495403
ARKO,2132,1.4513108216495403
AZTA,2133,1.4513108216495403
COO,2134,1.4513108216495403
BTBT,2135,1.4513108216495403
CMTL,2136,1.4513108216495403
COYA,2137,1.4513108216495403
EPWK,2138,1.4513108216495403
CLSD,2139,1.4513108216495403
CAPN,2140,1.4513108216495403
GRAB,2141,1.4513108216495403
LENZ,2142,1.4513108216495403
IRD,2143,1.4513108216495403
NVDS,2144,1.4513108216495403
NVNI,2145,1.4513108216495403
PLCE,2146,1.4513108216495403
PONY,2147,1.4513108216495403
PSEC,2148,1.4513108216495403
CODX,2149,1.4513108216495403
TRMD,2150,1.4513108216495403
PPSI,2151,1.4513108216495403
MGPI,2152,1.4513108216495403
SDGR,2153,1.4513108216495403
TRIB,2154,1.4513108216495403
LVLU,2155,1.4513108216495403
VGAS,2156,1.4513108216495403
EMB,2157,1.4513108216495403
ADSK,2158,1.4472531517050273
AGMI,2159,1.4472531517050273
ALRS,2160,1.4472531517050273
AMAT,2161,1.4472531517050273
BLMZ,2162,1.4472531517050273
BRKR,2163,1.4472531517050273
BCDA,2164,1.4472531517050273
CHRD,2165,1.4472531517050273
CHW,2166,1.4472531517050273
BTDR,2167,1.4472531517050273
AVNW,2168,1.4472531517050273
BMRC,2169,1.4472531517050273
COLA,2170,1.4472531517050273
BFRI,2171,1.4472531517050273
CHRW,2172,1.4472531517050273
EFSC,2173,1.4472531517050273
EMCB,2174,1.4472531517050273
CSB,2175,1.4472531517050273
CUE,2176,1.4472531517050273
CVBF,2177,1.4472531517050273
CGNT,2178,1.4472531517050273
CGNX,2179,1.4472531517050273
DAIO,2180,1.4472531517050273
DLO,2181,1.4472531517050273
BKR,2182,1.4472531517050273
FKWL,2183,1.4472531517050273
CORO,2184,1.4472531517050273
CRWD,2185,1.4472531517050273
GLBS,2186,1.4472531517050273
CSQ,2187,1.4472531517050273
ESTA,2188,1.4472531517050273
GOOD,2189,1.4472531517050273
BSJP,2190,1.4472531517050273
IBCP,2191,1.4472531517050273
FMUN,2192,1.4472531517050273
COGT,2193,1.4472531517050273
JCSE,2194,1.4472531517050273
KFFB,2195,1.4472531517050273
CGBD,2196,1.4472531517050273
LANDO,2197,1.4472531517050273
HBCP,2198,1.4472531517050273
LOKV,2199,1.4472531517050273
FCNCO,2200,1.4472531517050273
LPCN,2201,1.4472531517050273
LUCD,2202,1.4472531517050273
DOX,2203,1.4472531517050273
IBIT,2204,1.4472531517050273
ICOP,2205,1.4472531517050273
NMFC,2206,1.4472531517050273
NTRA,2207,1.4472531517050273
OOQB,2208,1.4472531517050273
PHH,2209,1.4472531517050273
MBINL,2210,1.4472531517050273
MDB,2211,1.4472531517050273
DPZ,2212,1.4472531517050273
MLCO,2213,1.4472531517050273
CNVS,2214,1.4472531517050273
MOVE,2215,1.4472531517050273
SEIS,2216,1.4472531517050273
SGA,2217,1.4472531517050273
CDIO,2218,1.4472531517050273
IVA,2219,1.4472531517050273
JCTC,2220,1.4472531517050273
SMTI,2221,1.4472531517050273
SNPX,2222,1.4472531517050273
EWCZ,2223,1.4472531517050273
GRVY,2224,1.4472531517050273
HALO,2225,1.4472531517050273
LMAT,2226,1.4472531517050273
PKOH,2227,1.4472531517050273
TUG,2228,1.4472531517050273
PLMR,2229,1.4472531517050273
HOFT,2230,1.4472531517050273
UBCP,2231,1.4472531517050273
UNB,2232,1.4472531517050273
VFLO,2233,1.4472531517050273
VSEC,2234,1.4472531517050273
QQQG,2235,1.4472531517050273
IBTF,2236,1.4472531517050273
WMG,2237,1.4472531517050273
ZBIO,2238,1.4472531517050273
RPTX,2239,1.4472531517050273
IPWR,2240,1.4472531517050273
SFM,2241,1.4472531517050273
SNAL,2242,1.4472531517050273
JGLO,2243,1.4472531517050273
KDP,2244,1.4472531517050273
SWKHL,2245,1.4472531517050273
PAHC,2246,1.4472531517050273
TENB,2247,1.4472531517050273
PDP,2248,1.4472531517050273
TXUE,2249,1.4472531517050273
UEVM,2250,1.4472531517050273
UMMA,2251,1.4472531517050273
USSH,2252,1.4472531517050273
VRRM,2253,1.4472531517050273
VTWV,2254,1.4472531517050273
RKDA,2255,1.4472531517050273
FTHI,2256,1.4472531517050273
SCOR,2257,1.4472531517050273
SFBC,2258,1.4472531517050273
SETM,2259,1.4472531517050273
JOYY,2260,1.4472531517050273
SRBK,2261,1.4472531517050273
ORLY,2262,1.4472531517050273
TRVG,2263,1.4472531517050273
UNCY,2264,1.4472531517050273
QOWZ,2265,1.4472531517050273
VTSI,2266,1.4472531517050273
WBD,2267,1.4472531517050273
MLAB,2268,1.4472531517050273
WTFC,2269,1.4472531517050273
XERS,2270,1.4472531517050273
RMR,2271,1.4472531517050273
PSCE,2272,1.4472531517050273
MB,2273,1.4472531517050273
VGSH,2274,1.4472531517050273
VTIP,2275,1.4472531517050273
QQQX,2276,1.4472531517050273
WFRD,2277,1.4472531517050273
FORD,2278,1.4472531517050273
NOVT,2279,1.4472531517050273
FIP,2280,1.4472531517050273
HOOX,2281,1.446196243787385
ORGO,2282,1.445027366630613
HYFM,2283,1.4438065393779849
ANNX,2284,1.4420199671901996
ALLT,2285,1.4420199671901996
ALMS,2286,1.4420199671901996
AROW,2287,1.4420199671901996
BCBP,2288,1.4420199671901996
BHFAM,2289,1.4420199671901996
CRBP,2290,1.4420199671901996
DECO,2291,1.4420199671901996
DIOD,2292,1.4420199671901996
BKYI,2293,1.4420199671901996
CSCI,2294,1.4420199671901996
EUDA,2295,1.4420199671901996
EXPE,2296,1.4420199671901996
DH,2297,1.4420199671901996
DMAA,2298,1.4420199671901996
HVII,2299,1.4420199671901996
IVP,2300,1.4420199671901996
DOYU,2301,1.4420199671901996
NBIS,2302,1.4420199671901996
OCCI,2303,1.4420199671901996
OESX,2304,1.4420199671901996
IAC,2305,1.4420199671901996
COMM,2306,1.4420199671901996
SABS,2307,1.4420199671901996
NMIH,2308,1.4420199671901996
SNBR,2309,1.4420199671901996
ONBPO,2310,1.4420199671901996
KRYS,2311,1.4420199671901996
GROW,2312,1.4420199671901996
PETS,2313,1.4420199671901996
UTWO,2314,1.4420199671901996
QUIK,2315,1.4420199671901996
WDAY,2316,1.4420199671901996
IBTI,2317,1.4420199671901996
KSCP,2318,1.4420199671901996
TNDM,2319,1.4420199671901996
INSG,2320,1.4420199671901996
SKYW,2321,1.4420199671901996
SMCX,2322,1.4420199671901996
SMH,2323,1.4420199671901996
IBIO,2324,1.4420199671901996
XBP,2325,1.4420199671901996
TIL,2326,1.4420199671901996
TSLR,2327,1.4420199671901996
WAY,2328,1.4420199671901996
MST,2329,1.4411945368839894
NXTC,2330,1.4383277048783847
INDH,2331,1.4334616347636082
AKAM,2332,1.4314903321362806
AGAE,2333,1.4314903321362806
APCX,2334,1.4314903321362806
APLS,2335,1.4314903321362806
BRFH,2336,1.4314903321362806
ATLO,2337,1.4314903321362806
DKNG,2338,1.4314903321362806
EBC,2339,1.4314903321362806
CBUS,2340,1.4314903321362806
COSM,2341,1.4314903321362806
AMSC,2342,1.4314903321362806
FAMI,2343,1.4314903321362806
DMRC,2344,1.4314903321362806
HIT,2345,1.4314903321362806
HLAL,2346,1.4314903321362806
EBON,2347,1.4314903321362806
FTHM,2348,1.4314903321362806
FARM,2349,1.4314903321362806
MGEE,2350,1.4314903321362806
MIRA,2351,1.4314903321362806
ISRL,2352,1.4314903321362806
IINN,2353,1.4314903321362806
SMLR,2354,1.4314903321362806
KBAB,2355,1.4314903321362806
VOXR,2356,1.4314903321362806
WW,2357,1.4314903321362806
NBN,2358,1.4314903321362806
DFLI,2359,1.4314903321362806
QAT,2360,1.4314903321362806
RICK,2361,1.4314903321362806
INSE,2362,1.4314903321362806
PLTU,2363,1.4314903321362806
USEG,2364,1.4314903321362806
QIPT,2365,1.4314903321362806
LTRX,2366,1.4314903321362806
NPACU,2367,1.4314903321362806
KPTI,2368,1.4314903321362806
SOND,2369,1.4277613812005843
ACIU,2370,1.423385428970384
BAOS,2371,1.423385428970384
MSTX,2372,1.423385428970384
OMCC,2373,1.4209923300944933
PABD,2374,1.4209923300944933
QQLV,2375,1.4209923300944933
VSSYW,2376,1.4204070836178364
ALF,2377,1.41945646350323
ALXO,2378,1.41945646350323
ASRT,2379,1.41945646350323
AMZZ,2380,1.41945646350323
ARQ,2381,1.41945646350323
CTKB,2382,1.41945646350323
ELVA,2383,1.41945646350323
CRML,2384,1.41945646350323
FNY,2385,1.41945646350323
DYN,2386,1.41945646350323
CPSH,2387,1.41945646350323
GAINN,2388,1.41945646350323
FEAM,2389,1.41945646350323
FLNT,2390,1.41945646350323
BLCN,2391,1.41945646350323
FSUN,2392,1.41945646350323
EU,2393,1.41945646350323
LAZR,2394,1.41945646350323
HMR,2395,1.41945646350323
MCTR,2396,1.41945646350323
ODYS,2397,1.41945646350323
OKUR,2398,1.41945646350323
LFMD,2399,1.41945646350323
PAL,2400,1.41945646350323
LSTR,2401,1.41945646350323
PRME,2402,1.41945646350323
MAR,2403,1.41945646350323
RGCO,2404,1.41945646350323
IMNM,2405,1.41945646350323
SCVL,2406,1.41945646350323
NESR,2407,1.41945646350323
OMEX,2408,1.41945646350323
ORKT,2409,1.41945646350323
TELO,2410,1.41945646350323
PDLB,2411,1.41945646350323
VTGN,2412,1.41945646350323
VUZI,2413,1.41945646350323
XBIL,2414,1.41945646350323
NRIX,2415,1.41945646350323
SVRE,2416,1.41945646350323
PSIG,2417,1.41945646350323
VRAX,2418,1.41945646350323
VRA,2419,1.41945646350323
XBIT,2420,1.41945646350323
RMBS,2421,1.41945646350323
SENEA,2422,1.41945646350323
SHRY,2423,1.41945646350323
SMPL,2424,1.41945646350323
LBGJ,2425,1.41945646350323
HLNE,2426,1.41945646350323
VLGEA,2427,1.41945646350323
USAR,2428,1.41945646350323
VPLS,2429,1.41945646350323
RGLD,2430,1.41945646350323
ROST,2431,1.41945646350323
OLED,2432,1.41945646350323
LKFN,2433,1.41945646350323
ABUS,2434,1.4191741248945762
ABSI,2435,1.4191741248945762
ALTY,2436,1.4191741248945762
AVBP,2437,1.4191741248945762
BJDX,2438,1.4191741248945762
BBH,2439,1.4191741248945762
APA,2440,1.4191741248945762
CDTX,2441,1.4191741248945762
BSMW,2442,1.4191741248945762
BSRR,2443,1.4191741248945762
CANC,2444,1.4191741248945762
CCEP,2445,1.4191741248945762
BOF,2446,1.4191741248945762
CFA,2447,1.4191741248945762
BFIN,2448,1.4191741248945762
BPYPO,2449,1.4191741248945762
ATHR,2450,1.4191741248945762
ENLT,2451,1.4191741248945762
CTEC,2452,1.4191741248945762
FINX,2453,1.4191741248945762
FTA,2454,1.4191741248945762
FTAIM,2455,1.4191741248945762
ECBK,2456,1.4191741248945762
FTXR,2457,1.4191741248945762
EEFT,2458,1.4191741248945762
ATLCP,2459,1.4191741248945762
EVCM,2460,1.4191741248945762
GPRE,2461,1.4191741248945762
GRI,2462,1.4191741248945762
DCOM,2463,1.4191741248945762
FDTX,2464,1.4191741248945762
CLMT,2465,1.4191741248945762
FTXO,2466,1.4191741248945762
CRVS,2467,1.4191741248945762
KBWR,2468,1.4191741248945762
CZWI,2469,1.4191741248945762
LIDR,2470,1.4191741248945762
FBIOP,2471,1.4191741248945762
HEAL,2472,1.4191741248945762
LOPE,2473,1.4191741248945762
IDAI,2474,1.4191741248945762
IEUS,2475,1.4191741248945762
MRSN,2476,1.4191741248945762
IMCR,2477,1.4191741248945762
NMTC,2478,1.4191741248945762
ERET,2479,1.4191741248945762
KVHI,2480,1.4191741248945762
HQY,2481,1.4191741248945762
BVFL,2482,1.4191741248945762
PSTR,2483,1.4191741248945762
QQQT,2484,1.4191741248945762
MNDO,2485,1.4191741248945762
MODL,2486,1.4191741248945762
DVAX,2487,1.4191741248945762
RUSHA,2488,1.4191741248945762
SEVN,2489,1.4191741248945762
SHC,2490,1.4191741248945762
CDZIP,2491,1.4191741248945762
SRCE,2492,1.4191741248945762
KSPI,2493,1.4191741248945762
OPCH,2494,1.4191741248945762
LBRDK,2495,1.4191741248945762
TMET,2496,1.4191741248945762
TRS,2497,1.4191741248945762
TSDD,2498,1.4191741248945762
POAI,2499,1.4191741248945762
PRGS,2500,1.4191741248945762
VALU,2501,1.4191741248945762
QQA,2502,1.4191741248945762
QRMI,2503,1.4191741248945762
WHLRD,2504,1.4191741248945762
WGS,2505,1.4191741248945762
XNCR,2506,1.4191741248945762
IFBD,2507,1.4191741248945762
YLDE,2508,1.4191741248945762
DXCM,2509,1.4191741248945762
ROMA,2510,1.4191741248945762
FTAG,2511,1.4191741248945762
CCD,2512,1.4191741248945762
SBFM,2513,1.4191741248945762
GNMA,2514,1.4191741248945762
SUPN,2515,1.4191741248945762
ONEW,2516,1.4191741248945762
EVOK,2517,1.4191741248945762
TC,2518,1.4191741248945762
PAYX,2519,1.4191741248945762
TLT,2520,1.4191741248945762
PDFS,2521,1.4191741248945762
PEP,2522,1.4191741248945762
UFIV,2523,1.4191741248945762
URBN,2524,1.4191741248945762
USLM,2525,1.4191741248945762
UTHY,2526,1.4191741248945762
PSCD,2527,1.4191741248945762
WEST,2528,1.4191741248945762
MLTX,2529,1.4191741248945762
RILYZ,2530,1.4191741248945762
FTAIN,2531,1.4191741248945762
RYTM,2532,1.4191741248945762
NCEW,2533,1.4191741248945762
SGMO,2534,1.4191741248945762
STAA,2535,1.4191741248945762
VACH,2536,1.4191741248945762
ROIV,2537,1.4191741248945762
RPD,2538,1.4191741248945762
KNDI,2539,1.4191741248945762
TSCO,2540,1.4191741248945762
SAIC,2541,1.4191741248945762
VRIG,2542,1.4191741248945762
RAA,2543,1.4191741248945762
MYMF,2544,1.4186769754855542
RAVE,2545,1.4184448377427388
PLMK,2546,1.4179639658167102
CA,2547,1.4157275125675337
QMID,2548,1.4157275125675337
FFAI,2549,1.4097105782510084
TITN,2550,1.4063678369640502
NOEM,2551,1.4060161025171876
ABLV,2552,1.405571230465095
ADV,2553,1.405571230465095
AEIS,2554,1.405571230465095
AFRM,2555,1.405571230465095
AMCX,2556,1.405571230465095
ARHS,2557,1.405571230465095
AEVA,2558,1.405571230465095
ARMG,2559,1.405571230465095
COEP,2560,1.405571230465095
CCCS,2561,1.405571230465095
BNDX,2562,1.405571230465095
CTNT,2563,1.405571230465095
ASTE,2564,1.405571230465095
CDT,2565,1.405571230465095
ENZL,2566,1.405571230465095
EWTX,2567,1.405571230465095
DARE,2568,1.405571230465095
DSGX,2569,1.405571230465095
EEMA,2570,1.405571230465095
GRID,2571,1.405571230465095
FLGT,2572,1.405571230465095
GMAB,2573,1.405571230465095
LNTH,2574,1.405571230465095
MGRC,2575,1.405571230465095
CNTY,2576,1.405571230465095
NEWTZ,2577,1.405571230465095
ODDS,2578,1.405571230465095
DAKT,2579,1.405571230465095
FITBI,2580,1.405571230465095
RDWR,2581,1.405571230465095
RUM,2582,1.405571230465095
IQQQ,2583,1.405571230465095
SHLS,2584,1.405571230465095
SIGA,2585,1.405571230465095
NWPX,2586,1.405571230465095
SXTC,2587,1.405571230465095
QYLD,2588,1.405571230465095
RELI,2589,1.405571230465095
FPAY,2590,1.405571230465095
MTEK,2591,1.405571230465095
NXT,2592,1.405571230465095
GSIW,2593,1.405571230465095
TOWN,2594,1.405571230465095
MBOT,2595,1.405571230465095
CG,2596,1.405571230465095
SY,2597,1.405571230465095
UFPT,2598,1.405571230465095
SURG,2599,1.405571230465095
MASK,2600,1.405571230465095
THFF,2601,1.405571230465095
WCLD,2602,1.405571230465095
SSP,2603,1.405571230465095
IREN,2604,1.402767961731941
SMST,2605,1.402767961731941
CRMD,2606,1.398880096481263
ENGS,2607,1.398880096481263
QFIN,2608,1.398880096481263
BCRX,2609,1.398880096481263
AIRS,2610,1.3946682424596955
AIFF,2611,1.3946682424596955
FLNC,2612,1.3946682424596955
MNTK,2613,1.3946682424596955
RDTL,2614,1.3946682424596955
CRWV,2615,1.3900901402623393
MCFT,2616,1.3900901402623393
RAY,2617,1.3900901402623393
MODV,2618,1.3900901402623393
SOFI,2619,1.3900901402623393
AAPU,2620,1.389371791920604
ACNT,2621,1.389371791920604
AEI,2622,1.389371791920604
AMRN,2623,1.389371791920604
ALKT,2624,1.389371791920604
ANEB,2625,1.389371791920604
ANL,2626,1.389371791920604
AUMI,2627,1.389371791920604
BOOM,2628,1.389371791920604
BOXL,2629,1.389371791920604
CHEF,2630,1.389371791920604
CARY,2631,1.389371791920604
ESQ,2632,1.389371791920604
CFLT,2633,1.389371791920604
DLPN,2634,1.389371791920604
FYX,2635,1.389371791920604
GLDY,2636,1.389371791920604
GLSI,2637,1.389371791920604
EXOZ,2638,1.389371791920604
HCKT,2639,1.389371791920604
CIGI,2640,1.389371791920604
BUG,2641,1.389371791920604
INTU,2642,1.389371791920604
GOVX,2643,1.389371791920604
MAXI,2644,1.389371791920604
ARTV,2645,1.389371791920604
CNET,2646,1.389371791920604
ICCC,2647,1.389371791920604
MSBI,2648,1.389371791920604
NATR,2649,1.389371791920604
ECX,2650,1.389371791920604
ELWS,2651,1.389371791920604
CENTA,2652,1.389371791920604
GLDD,2653,1.389371791920604
KLIC,2654,1.389371791920604
OXLCN,2655,1.389371791920604
FCAP,2656,1.389371791920604
PMN,2657,1.389371791920604
RILYN,2658,1.389371791920604
RLAY,2659,1.389371791920604
ILAG,2660,1.389371791920604
ROKU,2661,1.389371791920604
NHPBP,2662,1.389371791920604
SGMT,2663,1.389371791920604
SMXT,2664,1.389371791920604
SYNA,2665,1.389371791920604
OSIS,2666,1.389371791920604
UAE,2667,1.389371791920604
ZAP,2668,1.389371791920604
NTGR,2669,1.389371791920604
SOHU,2670,1.389371791920604
SPAM,2671,1.389371791920604
STNE,2672,1.389371791920604
PRDO,2673,1.389371791920604
PYPD,2674,1.389371791920604
RAIL,2675,1.389371791920604
RDGT,2676,1.389371791920604
RDVT,2677,1.389371791920604
MRX,2678,1.389371791920604
INBK,2679,1.389371791920604
SEEM,2680,1.389371791920604
TLF,2681,1.389371791920604
RBCAA,2682,1.389371791920604
SMBC,2683,1.389371791920604
LEXI,2684,1.389371791920604
WALDW,2685,1.389371791920604
SGC,2686,1.389371791920604
LPSN,2687,1.389371791920604
IXUS,2688,1.389371791920604
GANX,2689,1.3850958469561325
PLRX,2690,1.3850958469561325
MNTS,2691,1.3850958469561325
LDRX,2692,1.3850958469561325
AERT,2693,1.3840753413815123
AFBI,2694,1.3840753413815123
AGNC,2695,1.3840753413815123
BACQ,2696,1.3840753413815123
BEAM,2697,1.3840753413815123
AVAH,2698,1.3840753413815123
BRKU,2699,1.3840753413815123
ATPC,2700,1.3840753413815123
CART,2701,1.3840753413815123
CARV,2702,1.3840753413815123
CRWS,2703,1.3840753413815123
BFC,2704,1.3840753413815123
BSMS,2705,1.3840753413815123
DAPP,2706,1.3840753413815123
BYRN,2707,1.3840753413815123
DTCR,2708,1.3840753413815123
CARG,2709,1.3840753413815123
BLRX,2710,1.3840753413815123
CARZ,2711,1.3840753413815123
CTRM,2712,1.3840753413815123
EVRG,2713,1.3840753413815123
CHSCL,2714,1.3840753413815123
FCNCA,2715,1.3840753413815123
CLNE,2716,1.3840753413815123
FIBK,2717,1.3840753413815123
FINW,2718,1.3840753413815123
FTSL,2719,1.3840753413815123
EDUC,2720,1.3840753413815123
GAMB,2721,1.3840753413815123
FDFF,2722,1.3840753413815123
CORT,2723,1.3840753413815123
FUNC,2724,1.3840753413815123
ELTX,2725,1.3840753413815123
DDOG,2726,1.3840753413815123
FHB,2727,1.3840753413815123
FMTM,2728,1.3840753413815123
DSWL,2729,1.3840753413815123
MLAC,2730,1.3840753413815123
CNOBP,2731,1.3840753413815123
MTCH,2732,1.3840753413815123
CRCT,2733,1.3840753413815123
NVDA,2734,1.3840753413815123
JSMD,2735,1.3840753413815123
NWL,2736,1.3840753413815123
NYMTZ,2737,1.3840753413815123
CFFN,2738,1.3840753413815123
ONCY,2739,1.3840753413815123
FBNC,2740,1.3840753413815123
PIO,2741,1.3840753413815123
BUFI,2742,1.3840753413815123
PXI,2743,1.3840753413815123
MEMS,2744,1.3840753413815123
REAI,2745,1.3840753413815123
RENT,2746,1.3840753413815123
SAFT,2747,1.3840753413815123
SNSE,2748,1.3840753413815123
MCRI,2749,1.3840753413815123
MPB,2750,1.3840753413815123
COFS,2751,1.3840753413815123
SATS,2752,1.3840753413815123
NCI,2753,1.3840753413815123
SCHL,2754,1.3840753413815123
OSUR,2755,1.3840753413815123
OXLCI,2756,1.3840753413815123
LGRO,2757,1.3840753413815123
TTGT,2758,1.3840753413815123
PROK,2759,1.3840753413815123
VEON,2760,1.3840753413815123
HYZD,2761,1.3840753413815123
RBBN,2762,1.3840753413815123
FTC,2763,1.3840753413815123
SILC,2764,1.3840753413815123
KINS,2765,1.3840753413815123
TBLD,2766,1.3840753413815123
PCTY,2767,1.3840753413815123
LIQT,2768,1.3840753413815123
TQQY,2769,1.3840753413815123
TW,2770,1.3840753413815123
MBRX,2771,1.3840753413815123
PYPG,2772,1.3840753413815123
VXUS,2773,1.3840753413815123
QQQJ,2774,1.3840753413815123
QQQP,2775,1.3840753413815123
XRAY,2776,1.3840753413815123
SIDU,2777,1.3840753413815123
ESGD,2778,1.3840753413815123
SQFTP,2779,1.3840753413815123
OVBC,2780,1.3840753413815123
PEBO,2781,1.3840753413815123
VVOS,2782,1.3840753413815123
XWEL,2783,1.3840753413815123
PALU,2784,1.3840753413815123
SYBX,2785,1.3840753413815123
DDI,2786,1.3840753413815123
TCBS,2787,1.3798364017795128
AMBA,2788,1.3796259066683823
AMST,2789,1.3796259066683823
INDB,2790,1.3796259066683823
TLPH,2791,1.3796259066683823
VERX,2792,1.3796259066683823
ZENA,2793,1.3796259066683823
ERNZ,2794,1.3736089723518572
GBDC,2795,1.3736089723518572
LFWD,2796,1.3736089723518572
CRDF,2797,1.3736089723518572
HEPA,2798,1.3736089723518572
XTIA,2799,1.3736089723518572
VTYX,2800,1.3736089723518572
ZBRA,2801,1.3736089723518572
ACWI,2802,1.3702270009134783
AGNCP,2803,1.3702270009134783
AGZD,2804,1.3702270009134783
ALAR,2805,1.3702270009134783
ARCT,2806,1.3702270009134783
BLNE,2807,1.3702270009134783
BCML,2808,1.3702270009134783
BIRD,2809,1.3702270009134783
BANL,2810,1.3702270009134783
BLNK,2811,1.3702270009134783
CPOP,2812,1.3702270009134783
BDMD,2813,1.3702270009134783
CTSH,2814,1.3702270009134783
CYRX,2815,1.3702270009134783
DUOT,2816,1.3702270009134783
CPZ,2817,1.3702270009134783
CCOI,2818,1.3702270009134783
ELTK,2819,1.3702270009134783
EML,2820,1.3702270009134783
BRLT,2821,1.3702270009134783
BTOC,2822,1.3702270009134783
CODA,2823,1.3702270009134783
CBSH,2824,1.3702270009134783
FYBR,2825,1.3702270009134783
GDEV,2826,1.3702270009134783
CVGI,2827,1.3702270009134783
DCOMG,2828,1.3702270009134783
ICFI,2829,1.3702270009134783
CBAT,2830,1.3702270009134783
FWRG,2831,1.3702270009134783
LAND,2832,1.3702270009134783
GRFS,2833,1.3702270009134783
IMMR,2834,1.3702270009134783
IMRN,2835,1.3702270009134783
NUVL,2836,1.3702270009134783
JG,2837,1.3702270009134783
PCH,2838,1.3702270009134783
PGEN,2839,1.3702270009134783
PROV,2840,1.3702270009134783
RBKB,2841,1.3702270009134783
SION,2842,1.3702270009134783
SMMT,2843,1.3702270009134783
SMTC,2844,1.3702270009134783
GITS,2845,1.3702270009134783
CSWC,2846,1.3702270009134783
KNGZ,2847,1.3702270009134783
STLD,2848,1.3702270009134783
ON,2849,1.3702270009134783
OXLC,2850,1.3702270009134783
LEGN,2851,1.3702270009134783
TIVC,2852,1.3702270009134783
HBT,2853,1.3702270009134783
LMBS,2854,1.3702270009134783
LOCO,2855,1.3702270009134783
PUBM,2856,1.3702270009134783
SCYX,2857,1.3702270009134783
NEWTH,2858,1.3702270009134783
PKBK,2859,1.3702270009134783
PZZA,2860,1.3702270009134783
VRCA,2861,1.3702270009134783
WASH,2862,1.3702270009134783
YB,2863,1.3702270009134783
RIVN,2864,1.3702270009134783
NETD,2865,1.3702270009134783
SFST,2866,1.3702270009134783
SNPS,2867,1.3702270009134783
SPSC,2868,1.3702270009134783
UFO,2869,1.3702270009134783
USDX,2870,1.3702270009134783
USXF,2871,1.3702270009134783
IBTK,2872,1.3702270009134783
MQ,2873,1.3702270009134783
RYAAY,2874,1.3702270009134783
TFSL,2875,1.3702270009134783
PCLA,2876,1.3702270009134783
PLTK,2877,1.3702270009134783
VC,2878,1.3702270009134783
XLO,2879,1.3702270009134783
OCS,2880,1.3702270009134783
TMC,2881,1.3702270009134783
TQQQ,2882,1.3702270009134783
ZBAI,2883,1.3702270009134783
NFXS,2884,1.3702270009134783
STNC,2885,1.3702270009134783
TEKY,2886,1.3702270009134783
BCAX,2887,1.3669586765283293
REKR,2888,1.3669586765283293
SHOT,2889,1.3669586765283293
STRT,2890,1.3669586765283293
PNRG,2891,1.3669586765283293
WRAP,2892,1.3669586765283293
LOOP,2893,1.3669586765283293
HWKN,2894,1.3669586765283293
BYND,2895,1.3595694589466316
GREEL,2896,1.3595694589466316
HCSG,2897,1.3595694589466316
LIVE,2898,1.3595694589466316
PPTA,2899,1.3595694589466316
TSMG,2900,1.3595694589466316
TPLS,2901,1.3595694589466316
AIPI,2902,1.3513109216494401
APVO,2903,1.3513109216494401
BITF,2904,1.3513109216494401
BIIB,2905,1.3513109216494401
CRDO,2906,1.3513109216494401
HTBK,2907,1.3513109216494401
OVLY,2908,1.3513109216494401
VSAT,2909,1.3513109216494401
TRUP,2910,1.3513109216494401
ADVM,2911,1.3472532517049274
AGIX,2912,1.3472532517049274
AGYS,2913,1.3472532517049274
ALRM,2914,1.3472532517049274
AMDD,2915,1.3472532517049274
ATRA,2916,1.3472532517049274
ATLCZ,2917,1.3472532517049274
BIB,2918,1.3472532517049274
BRRR,2919,1.3472532517049274
BWB,2920,1.3472532517049274
CAAS,2921,1.3472532517049274
CCG,2922,1.3472532517049274
BND,2923,1.3472532517049274
CCNEP,2924,1.3472532517049274
AGEN,2925,1.3472532517049274
BSJV,2926,1.3472532517049274
AVIR,2927,1.3472532517049274
CLPT,2928,1.3472532517049274
DTST,2929,1.3472532517049274
CROX,2930,1.3472532517049274
ERIE,2931,1.3472532517049274
BDTX,2932,1.3472532517049274
BUSE,2933,1.3472532517049274
FEUZ,2934,1.3472532517049274
FRPH,2935,1.3472532517049274
FTQI,2936,1.3472532517049274
GIND,2937,1.3472532517049274
CENX,2938,1.3472532517049274
FNKO,2939,1.3472532517049274
EBMT,2940,1.3472532517049274
EGAN,2941,1.3472532517049274
ISHP,2942,1.3472532517049274
JAKK,2943,1.3472532517049274
EQIX,2944,1.3472532517049274
GMGI,2945,1.3472532517049274
KRMA,2946,1.3472532517049274
LBTYA,2947,1.3472532517049274
LIVR,2948,1.3472532517049274
CHSCP,2949,1.3472532517049274
HNRG,2950,1.3472532517049274
MBINM,2951,1.3472532517049274
MYCH,2952,1.3472532517049274
NRXP,2953,1.3472532517049274
JAMF,2954,1.3472532517049274
GINX,2955,1.3472532517049274
KGEI,2956,1.3472532517049274
KRUS,2957,1.3472532517049274
KRT,2958,1.3472532517049274
KTCC,2959,1.3472532517049274
PCB,2960,1.3472532517049274
FEMS,2961,1.3472532517049274
HUBG,2962,1.3472532517049274
IBBQ,2963,1.3472532517049274
DSGR,2964,1.3472532517049274
DXJS,2965,1.3472532517049274
ILIT,2966,1.3472532517049274
RVMD,2967,1.3472532517049274
INTA,2968,1.3472532517049274
KELYA,2969,1.3472532517049274
TBPH,2970,1.3472532517049274
TDI,2971,1.3472532517049274
TDUP,2972,1.3472532517049274
HYXF,2973,1.3472532517049274
REYN,2974,1.3472532517049274
XOS,2975,1.3472532517049274
YQQQ,2976,1.3472532517049274
IMMX,2977,1.3472532517049274
RSVRW,2978,1.3472532517049274
FUND,2979,1.3472532517049274
EFSI,2980,1.3472532517049274
NFXL,2981,1.3472532517049274
TSBK,2982,1.3472532517049274
PNFPP,2983,1.3472532517049274
UVSP,2984,1.3472532517049274
VIVS,2985,1.3472532517049274
XFIX,2986,1.3472532517049274
RIOT,2987,1.3472532517049274
FTDS,2988,1.3472532517049274
PEBK,2989,1.3472532517049274
PY,2990,1.3472532517049274
QSIX,2991,1.3472532517049274
MIRM,2992,1.3472532517049274
SRET,2993,1.3472532517049274
TSYY,2994,1.3472532517049274
PYZ,2995,1.3472532517049274
RFDI,2996,1.3472532517049274
YORW,2997,1.3472532517049274
OXLCZ,2998,1.3472532517049274
PUI,2999,1.3472532517049274
MGIC,3000,1.3472532517049274
NA,3001,1.3472532517049274
TRIN,3002,1.3472532517049274
NVDG,3003,1.3472532517049274
EDAP,3004,1.3420200671900997
HIDE,3005,1.3420200671900997
LUNG,3006,1.3420200671900997
HAS,3007,1.3420200671900997
IBKR,3008,1.3420200671900997
NDRA,3009,1.3420200671900997
SNOA,3010,1.3420200671900997
GRAL,3011,1.3420200671900997
TGL,3012,1.3420200671900997
SPRC,3013,1.3420200671900997
ACT,3014,1.3389483340075732
ALCO,3015,1.3389483340075732
ATII,3016,1.3389483340075732
AGNCN,3017,1.3389483340075732
ASML,3018,1.3389483340075732
AIMD,3019,1.3389483340075732
BSCS,3020,1.3389483340075732
ARGX,3021,1.3389483340075732
BUFC,3022,1.3389483340075732
DTSQ,3023,1.3389483340075732
CDNS,3024,1.3389483340075732
FMBH,3025,1.3389483340075732
CSCO,3026,1.3389483340075732
GRCE,3027,1.3389483340075732
FOLD,3028,1.3389483340075732
IFV,3029,1.3389483340075732
GPIX,3030,1.3389483340075732
HBANP,3031,1.3389483340075732
IBOC,3032,1.3389483340075732
FUTU,3033,1.3389483340075732
CEFA,3034,1.3389483340075732
JIVE,3035,1.3389483340075732
GGR,3036,1.3389483340075732
KIDZ,3037,1.3389483340075732
KQQQ,3038,1.3389483340075732
GP,3039,1.3389483340075732
GSAT,3040,1.3389483340075732
QQJG,3041,1.3389483340075732
QRVO,3042,1.3389483340075732
GAIN,3043,1.3389483340075732
GEGGL,3044,1.3389483340075732
SSTI,3045,1.3389483340075732
EVSD,3046,1.3389483340075732
LEGR,3047,1.3389483340075732
HEPS,3048,1.3389483340075732
TTSH,3049,1.3389483340075732
WNEB,3050,1.3389483340075732
NSSC,3051,1.3389483340075732
SPOK,3052,1.3389483340075732
SSNC,3053,1.3389483340075732
ESMV,3054,1.3389483340075732
SSSSL,3055,1.3389483340075732
HERD,3056,1.3389483340075732
VOLT,3057,1.3389483340075732
QQQE,3058,1.3389483340075732
WRND,3059,1.3389483340075732
RILYL,3060,1.3389483340075732
SHIP,3061,1.3389483340075732
NWSA,3062,1.3389483340075732
PAYO,3063,1.3389483340075732
USOI,3064,1.3389483340075732
VYGR,3065,1.3389483340075732
MNY,3066,1.3389483340075732
XP,3067,1.3389483340075732
ORR,3068,1.3389483340075732
TSPY,3069,1.3389483340075732
SFLO,3070,1.3389483340075732
ANAB,3071,1.3314904321361805
ATOM,3072,1.3314904321361805
BGM,3073,1.3314904321361805
CCNE,3074,1.3314904321361805
CRWL,3075,1.3314904321361805
LRCX,3076,1.3314904321361805
HON,3077,1.3314904321361805
HTOOW,3078,1.3314904321361805
NVCT,3079,1.3314904321361805
SPWH,3080,1.3314904321361805
VGLT,3081,1.3314904321361805
WORX,3082,1.3314904321361805
EVMT,3083,1.3314904321361805
TCBI,3084,1.3314904321361805
HYPR,3085,1.3314904321361805
RDACU,3086,1.3207585553755152
ALBT,3087,1.3194565635031301
ANTX,3088,1.3194565635031301
BON,3089,1.3194565635031301
BPYPP,3090,1.3194565635031301
CUPR,3091,1.3194565635031301
FSFG,3092,1.3194565635031301
ECOR,3093,1.3194565635031301
EYPT,3094,1.3194565635031301
DXPE,3095,1.3194565635031301
HGBL,3096,1.3194565635031301
PRTC,3097,1.3194565635031301
SCNX,3098,1.3194565635031301
LILAK,3099,1.3194565635031301
WDC,3100,1.3194565635031301
MRVL,3101,1.3194565635031301
TVTX,3102,1.3194565635031301
VXRT,3103,1.3194565635031301
RAYA,3104,1.3194565635031301
NRC,3105,1.3194565635031301
PKW,3106,1.3194565635031301
ADUS,3107,1.3191742248944762
AMSF,3108,1.3191742248944762
ANIK,3109,1.3191742248944762
ALKS,3110,1.3191742248944762
ASMG,3111,1.3191742248944762
BMGL,3112,1.3191742248944762
BNDW,3113,1.3191742248944762
BZ,3114,1.3191742248944762
BSCW,3115,1.3191742248944762
BIS,3116,1.3191742248944762
BYFC,3117,1.3191742248944762
AKRO,3118,1.3191742248944762
COPJ,3119,1.3191742248944762
BSCT,3120,1.3191742248944762
DSY,3121,1.3191742248944762
CSBR,3122,1.3191742248944762
BSBK,3123,1.3191742248944762
FBOT,3124,1.3191742248944762
FITBO,3125,1.3191742248944762
FTAI,3126,1.3191742248944762
CCLDO,3127,1.3191742248944762
CRUS,3128,1.3191742248944762
FANG,3129,1.3191742248944762
BSMV,3130,1.3191742248944762
DERM,3131,1.3191742248944762
HOOK,3132,1.3191742248944762
IBOT,3133,1.3191742248944762
GILT,3134,1.3191742248944762
KMDA,3135,1.3191742248944762
DBX,3136,1.3191742248944762
LNSR,3137,1.3191742248944762
DMLP,3138,1.3191742248944762
IAS,3139,1.3191742248944762
IMNN,3140,1.3191742248944762
IUSV,3141,1.3191742248944762
GNOM,3142,1.3191742248944762
EWZS,3143,1.3191742248944762
FGEN,3144,1.3191742248944762
HURC,3145,1.3191742248944762
EFSCP,3146,1.3191742248944762
NISN,3147,1.3191742248944762
SHFS,3148,1.3191742248944762
NVFY,3149,1.3191742248944762
SOHOB,3150,1.3191742248944762
KE,3151,1.3191742248944762
OBT,3152,1.3191742248944762
SSYS,3153,1.3191742248944762
LFUS,3154,1.3191742248944762
HCOW,3155,1.3191742248944762
TOUR,3156,1.3191742248944762
TRMB,3157,1.3191742248944762
TRST,3158,1.3191742248944762
HRZN,3159,1.3191742248944762
VCSH,3160,1.3191742248944762
VCTR,3161,1.3191742248944762
QTUM,3162,1.3191742248944762
WOOD,3163,1.3191742248944762
WTW,3164,1.3191742248944762
XENE,3165,1.3191742248944762
XTLB,3166,1.3191742248944762
FROG,3167,1.3191742248944762
NEXN,3168,1.3191742248944762
ISSC,3169,1.3191742248944762
TAYD,3170,1.3191742248944762
PFAI,3171,1.3191742248944762
VMBS,3172,1.3191742248944762
QNST,3173,1.3191742248944762
MSFD,3174,1.3191742248944762
MTRX,3175,1.3191742248944762
NCIQ,3176,1.3191742248944762
NWGL,3177,1.3191742248944762
SOCL,3178,1.3191742248944762
TALK,3179,1.3191742248944762
SYPR,3180,1.3191742248944762
VALN,3181,1.3191742248944762
SHEN,3182,1.3191742248944762
ORIC,3183,1.3191742248944762
UPC,3184,1.3191742248944762
UTWY,3185,1.3191742248944762
VERU,3186,1.3191742248944762
WETO,3187,1.3191742248944762
WOOF,3188,1.3191742248944762
ROBT,3189,1.3191742248944762
EGGQ,3190,1.3191742248944762
SLM,3191,1.3191742248944762
PDD,3192,1.3191742248944762
RWAY,3193,1.3191742248944762
NMRA,3194,1.3191742248944762
SND,3195,1.3191742248944762
PID,3196,1.3191742248944762
UTEN,3197,1.3191742248944762
ATMC,3198,1.307739788486969
AACB,3199,1.3076321746696589
AEHR,3200,1.305571330464995
CEVA,3201,1.305571330464995
FNGR,3202,1.305571330464995
BSY,3203,1.305571330464995
CRDL,3204,1.305571330464995
MAPS,3205,1.305571330464995
MGTX,3206,1.305571330464995
FTGC,3207,1.305571330464995
FWRD,3208,1.305571330464995
GCMG,3209,1.305571330464995
IDYA,3210,1.305571330464995
SLRX,3211,1.305571330464995
TYRA,3212,1.305571330464995
OCTO,3213,1.305571330464995
PHVS,3214,1.305571330464995
RAND,3215,1.305571330464995
RRBI,3216,1.305571330464995
AMPL,3217,1.289371891920504
KARO,3218,1.289371891920504
GRWG,3219,1.289371891920504
MXCT,3220,1.289371891920504
AMRX,3221,1.289371891920504
EXLS,3222,1.289371891920504
SLXN,3223,1.289371891920504
ODD,3224,1.289371891920504
TPCS,3225,1.289371891920504
QCLN,3226,1.289371891920504
JBSS,3227,1.289371891920504
RNAZ,3228,1.289371891920504
VCIC,3229,1.289371891920504
AAXJ,3230,1.2840754413814124
ACAD,3231,1.2840754413814124
ACON,3232,1.2840754413814124
ACB,3233,1.2840754413814124
ADP,3234,1.2840754413814124
BELFB,3235,1.2840754413814124
BJK,3236,1.2840754413814124
BAND,3237,1.2840754413814124
BCPC,3238,1.2840754413814124
BRZE,3239,1.2840754413814124
BHFAP,3240,1.2840754413814124
BMAX,3241,1.2840754413814124
CATH,3242,1.2840754413814124
CDL,3243,1.2840754413814124
DOGZ,3244,1.2840754413814124
COCH,3245,1.2840754413814124
ENDW,3246,1.2840754413814124
CXSE,3247,1.2840754413814124
DALI,3248,1.2840754413814124
DAVE,3249,1.2840754413814124
DJT,3250,1.2840754413814124
DRVN,3251,1.2840754413814124
CGABL,3252,1.2840754413814124
GQQQ,3253,1.2840754413814124
FBIZ,3254,1.2840754413814124
BGLC,3255,1.2840754413814124
HFWA,3256,1.2840754413814124
DCOMP,3257,1.2840754413814124
HNDL,3258,1.2840754413814124
HRTS,3259,1.2840754413814124
IBGK,3260,1.2840754413814124
IOSP,3261,1.2840754413814124
IRDM,3262,1.2840754413814124
GABC,3263,1.2840754413814124
IROQ,3264,1.2840754413814124
GLXG,3265,1.2840754413814124
ESPO,3266,1.2840754413814124
HERO,3267,1.2840754413814124
MBAV,3268,1.2840754413814124
HYMC,3269,1.2840754413814124
IBTG,3270,1.2840754413814124
FNWB,3271,1.2840754413814124
DVQQ,3272,1.2840754413814124
IGIB,3273,1.2840754413814124
COKE,3274,1.2840754413814124
IPAR,3275,1.2840754413814124
NTWK,3276,1.2840754413814124
JMID,3277,1.2840754413814124
LDEM,3278,1.2840754413814124
OZK,3279,1.2840754413814124
PBQQ,3280,1.2840754413814124
DAX,3281,1.2840754413814124
HIMX,3282,1.2840754413814124
PSIX,3283,1.2840754413814124
MBS,3284,1.2840754413814124
QBIG,3285,1.2840754413814124
RCKY,3286,1.2840754413814124
MNDY,3287,1.2840754413814124
REAX,3288,1.2840754413814124
RNEM,3289,1.2840754413814124
MYPS,3290,1.2840754413814124
NBBK,3291,1.2840754413814124
NCRA,3292,1.2840754413814124
SBLK,3293,1.2840754413814124
NIKL,3294,1.2840754413814124
NPFI,3295,1.2840754413814124
NVEC,3296,1.2840754413814124
SNY,3297,1.2840754413814124
LIPO,3298,1.2840754413814124
PECO,3299,1.2840754413814124
HIHO,3300,1.2840754413814124
VNDA,3301,1.2840754413814124
WYNN,3302,1.2840754413814124
RMCO,3303,1.2840754413814124
ZZZ,3304,1.2840754413814124
IMVT,3305,1.2840754413814124
RXT,3306,1.2840754413814124
SCNI,3307,1.2840754413814124
SPYQ,3308,1.2840754413814124
TBRG,3309,1.2840754413814124
PAA,3310,1.2840754413814124
TEKX,3311,1.2840754413814124
USCB,3312,1.2840754413814124
WCBR,3313,1.2840754413814124
Z,3314,1.2840754413814124
RRGB,3315,1.2840754413814124
SLMBP,3316,1.2840754413814124
SMID,3317,1.2840754413814124
PANG,3318,1.2840754413814124
TROW,3319,1.2840754413814124
DDIV,3320,1.2840754413814124
HLIT,3321,1.2840754413814124
UTRE,3322,1.2840754413814124
VIAV,3323,1.2840754413814124
VLY,3324,1.2840754413814124
VSMV,3325,1.2840754413814124
XAIX,3326,1.2840754413814124
YIBO,3327,1.2840754413814124
CPLS,3328,1.2840754413814124
SFNC,3329,1.2840754413814124
SLQD,3330,1.2840754413814124
SNTG,3331,1.2840754413814124
TASK,3332,1.2840754413814124
TREE,3333,1.2840754413814124
SEIE,3334,1.2840754413814124
QTEC,3335,1.2840754413814124
MPWR,3336,1.2840754413814124
LCNB,3337,1.2840754413814124
UTHR,3338,1.2840754413814124
NWS,3339,1.2840754413814124
CYBR,3340,1.2840754413814124
ROE,3341,1.2840754413814124
STKL,3342,1.2840754413814124
ONEG,3343,1.2840754413814124
TBMCR,3344,1.2804970229483477
ARRY,3345,1.270227100913378
BCAL,3346,1.270227100913378
BANX,3347,1.270227100913378
CHA,3348,1.270227100913378
ASO,3349,1.270227100913378
CHMG,3350,1.270227100913378
FSBC,3351,1.270227100913378
MBCN,3352,1.270227100913378
ICHR,3353,1.270227100913378
NEUP,3354,1.270227100913378
GOVI,3355,1.270227100913378
ORRF,3356,1.270227100913378
LBRDA,3357,1.270227100913378
QQQM,3358,1.270227100913378
NDLS,3359,1.270227100913378
NSI,3360,1.270227100913378
STRK,3361,1.270227100913378
THRM,3362,1.270227100913378
FGMC,3363,1.270227100913378
WEN,3364,1.270227100913378
RBB,3365,1.270227100913378
RPID,3366,1.270227100913378
NWE,3367,1.270227100913378
SOHON,3368,1.270227100913378
SIGI,3369,1.270227100913378
SOXQ,3370,1.270227100913378
TRUG,3371,1.270227100913378
UPB,3372,1.270227100913378
PPI,3373,1.270227100913378
ULY,3374,1.270227100913378
HSPT,3375,1.2513715736448623
TECTP,3376,1.2511515278421625
DWAW,3377,1.2509314820394628
GAINZ,3378,1.247869671319527
BCLI,3379,1.2472533517048272
BSJR,3380,1.2472533517048272
FTSM,3381,1.2472533517048272
GLOW,3382,1.2472533517048272
GOOGL,3383,1.2472533517048272
HBANL,3384,1.2472533517048272
CCNR,3385,1.2472533517048272
MAMA,3386,1.2472533517048272
MBX,3387,1.2472533517048272
GOODN,3388,1.2472533517048272
ATOS,3389,1.2472533517048272
PDYN,3390,1.2472533517048272
POOL,3391,1.2472533517048272
FEM,3392,1.2472533517048272
KEQU,3393,1.2472533517048272
LNKB,3394,1.2472533517048272
PFIS,3395,1.2472533517048272
PFBC,3396,1.2472533517048272
XOMX,3397,1.2472533517048272
SAGT,3398,1.2472533517048272
INVZ,3399,1.2472533517048272
UBFO,3400,1.2472533517048272
RDVY,3401,1.2472533517048272
MYCK,3402,1.2472533517048272
NUKK,3403,1.2472533517048272
SIEB,3404,1.2472533517048272
LIVN,3405,1.2472533517048272
WAFD,3406,1.2472533517048272
KURA,3407,1.2472533517048272
PRFX,3408,1.2472533517048272
VTWG,3409,1.2472533517048272
PGC,3410,1.2472533517048272
BBLGW,3411,1.2462215492782784
EDRY,3412,1.244040637693945
PQAP,3413,1.2389998950535994
AGNCM,3414,1.2389484340074732
AIFU,3415,1.2389484340074732
ARBB,3416,1.2389484340074732
AVT,3417,1.2389484340074732
APPF,3418,1.2389484340074732
ARCC,3419,1.2389484340074732
APOG,3420,1.2389484340074732
BSCQ,3421,1.2389484340074732
BELFA,3422,1.2389484340074732
BGRN,3423,1.2389484340074732
AVXC,3424,1.2389484340074732
CFFI,3425,1.2389484340074732
CLOA,3426,1.2389484340074732
CHDN,3427,1.2389484340074732
CHI,3428,1.2389484340074732
BOLT,3429,1.2389484340074732
BRTR,3430,1.2389484340074732
CTLP,3431,1.2389484340074732
DENN,3432,1.2389484340074732
ANGI,3433,1.2389484340074732
FMB,3434,1.2389484340074732
DVOL,3435,1.2389484340074732
DYFI,3436,1.2389484340074732
BCLO,3437,1.2389484340074732
ERII,3438,1.2389484340074732
HCM,3439,1.2389484340074732
BILI,3440,1.2389484340074732
FID,3441,1.2389484340074732
CLST,3442,1.2389484340074732
DORM,3443,1.2389484340074732
DRS,3444,1.2389484340074732
IFGL,3445,1.2389484340074732
INDI,3446,1.2389484340074732
FULTP,3447,1.2389484340074732
BRHY,3448,1.2389484340074732
CSX,3449,1.2389484340074732
GSIB,3450,1.2389484340074732
HDSN,3451,1.2389484340074732
FCA,3452,1.2389484340074732
LSAK,3453,1.2389484340074732
FEPI,3454,1.2389484340074732
HSCS,3455,1.2389484340074732
AWRE,3456,1.2389484340074732
IBTQ,3457,1.2389484340074732
CNTA,3458,1.2389484340074732
FOX,3459,1.2389484340074732
FSEA,3460,1.2389484340074732
EA,3461,1.2389484340074732
JEPQ,3462,1.2389484340074732
JPY,3463,1.2389484340074732
JWEL,3464,1.2389484340074732
LIEN,3465,1.2389484340074732
PEPS,3466,1.2389484340074732
HHS,3467,1.2389484340074732
LPLA,3468,1.2389484340074732
FFBC,3469,1.2389484340074732
PSCF,3470,1.2389484340074732
MCHPP,3471,1.2389484340074732
QCML,3472,1.2389484340074732
IPGP,3473,1.2389484340074732
NWFL,3474,1.2389484340074732
GLAD,3475,1.2389484340074732
GLRE,3476,1.2389484340074732
KRNT,3477,1.2389484340074732
EXC,3478,1.2389484340074732
OZEM,3479,1.2389484340074732
GXDW,3480,1.2389484340074732
LNT,3481,1.2389484340074732
PHO,3482,1.2389484340074732
VLYPN,3483,1.2389484340074732
FJP,3484,1.2389484340074732
VSTA,3485,1.2389484340074732
IMXI,3486,1.2389484340074732
SFWL,3487,1.2389484340074732
NHPAP,3488,1.2389484340074732
CRON,3489,1.2389484340074732
SNYR,3490,1.2389484340074732
STRA,3491,1.2389484340074732
SUNS,3492,1.2389484340074732
TIGO,3493,1.2389484340074732
LINE,3494,1.2389484340074732
PDBA,3495,1.2389484340074732
VOD,3496,1.2389484340074732
QNXT,3497,1.2389484340074732
VTRS,3498,1.2389484340074732
IBGB,3499,1.2389484340074732
XGN,3500,1.2389484340074732
RIBB,3501,1.2389484340074732
RNRG,3502,1.2389484340074732
SCZ,3503,1.2389484340074732
NTES,3504,1.2389484340074732
SOHO,3505,1.2389484340074732
KBWY,3506,1.2389484340074732
SPFI,3507,1.2389484340074732
TTEK,3508,1.2389484340074732
USAF,3509,1.2389484340074732
VABK,3510,1.2389484340074732
MKTW,3511,1.2389484340074732
XMTR,3512,1.2389484340074732
ZVRA,3513,1.2389484340074732
FTNT,3514,1.2389484340074732
UNTY,3515,1.2389484340074732
MANH,3516,1.2389484340074732
VECO,3517,1.2389484340074732
WSBF,3518,1.2389484340074732
GILD,3519,1.2389484340074732
ONEQ,3520,1.2389484340074732
TRVI,3521,1.2389484340074732
LRND,3522,1.2389484340074732
MLEC,3523,1.2389484340074732
XOVR,3524,1.2389484340074732
STFS,3525,1.2389484340074732
TAXE,3526,1.2389484340074732
POWL,3527,1.2389484340074732
VLYPO,3528,1.2389484340074732
QSML,3529,1.2389484340074732
WLDN,3530,1.2389484340074732
TSEL,3531,1.2389484340074732
VIRC,3532,1.2389484340074732
GENVR,3533,1.2389484340074732
ZYBT,3534,1.2389484340074732
VIASP,3535,1.2389484340074732
VFSWW,3536,1.23850113170334
MNSBP,3537,1.236016999768801
HWSM,3538,1.225975772109117
ADUR,3539,1.2191743248943763
AVDL,3540,1.2191743248943763
BOED,3541,1.2191743248943763
DASH,3542,1.2191743248943763
ELVN,3543,1.2191743248943763
GDRX,3544,1.2191743248943763
IMOS,3545,1.2191743248943763
GH,3546,1.2191743248943763
GOGO,3547,1.2191743248943763
DHIL,3548,1.2191743248943763
DRUG,3549,1.2191743248943763
FTXL,3550,1.2191743248943763
RGS,3551,1.2191743248943763
ITIC,3552,1.2191743248943763
THRY,3553,1.2191743248943763
USIN,3554,1.2191743248943763
NBTX,3555,1.2191743248943763
EXAS,3556,1.2191743248943763
PBBK,3557,1.2191743248943763
LIND,3558,1.2191743248943763
TSHA,3559,1.2191743248943763
VGIT,3560,1.2191743248943763
FLDB,3561,1.2191743248943763
WKSP,3562,1.2191743248943763
TYGO,3563,1.2191743248943763
SMHX,3564,1.2191743248943763
MNST,3565,1.2191743248943763
BFRG,3566,1.2191743248943763
USOY,3567,1.2191743248943763
GPAT,3568,1.2137433673015232
JDOC,3569,1.2113855344743314
ATMV,3570,1.1840755413813122
CECO,3571,1.1840755413813122
BHFAL,3572,1.1840755413813122
CCSB,3573,1.1840755413813122
CSIQ,3574,1.1840755413813122
CAC,3575,1.1840755413813122
BOTT,3576,1.1840755413813122
CHEK,3577,1.1840755413813122
GEG,3578,1.1840755413813122
HSTM,3579,1.1840755413813122
IBTP,3580,1.1840755413813122
III,3581,1.1840755413813122
INBKZ,3582,1.1840755413813122
FTDR,3583,1.1840755413813122
GWRS,3584,1.1840755413813122
IRMD,3585,1.1840755413813122
ELFY,3586,1.1840755413813122
JTEK,3587,1.1840755413813122
MMLP,3588,1.1840755413813122
RDI,3589,1.1840755413813122
RWAYL,3590,1.1840755413813122
FTXG,3591,1.1840755413813122
INVE,3592,1.1840755413813122
NSIT,3593,1.1840755413813122
JACK,3594,1.1840755413813122
NVDU,3595,1.1840755413813122
TDSC,3596,1.1840755413813122
THMZ,3597,1.1840755413813122
PCMM,3598,1.1840755413813122
PMBS,3599,1.1840755413813122
QQQ,3600,1.1840755413813122
STKS,3601,1.1840755413813122
QQQH,3602,1.1840755413813122
QQQS,3603,1.1840755413813122
MOOD,3604,1.1840755413813122
SDVY,3605,1.1840755413813122
PFM,3606,1.1840755413813122
OACC,3607,1.1840755413813122
SUSC,3608,1.1840755413813122
TORO,3609,1.1840755413813122
TUSK,3610,1.1840755413813122
IIIV,3611,1.1840755413813122
TDSB,3612,1.1840755413813122
MBLY,3613,1.1840755413813122
USIO,3614,1.1840755413813122
ACIW,3615,1.1787790908422209
ANGL,3616,1.1787790908422209
BSMP,3617,1.1787790908422209
BKNG,3618,1.1787790908422209
BSMR,3619,1.1787790908422209
BL,3620,1.1787790908422209
CHCO,3621,1.1787790908422209
CHSCN,3622,1.1787790908422209
CHSCM,3623,1.1787790908422209
CINF,3624,1.1787790908422209
DHC,3625,1.1787790908422209
ELSE,3626,1.1787790908422209
BELT,3627,1.1787790908422209
FALN,3628,1.1787790908422209
FCAL,3629,1.1787790908422209
BRID,3630,1.1787790908422209
HAFC,3631,1.1787790908422209
HBANM,3632,1.1787790908422209
BFST,3633,1.1787790908422209
DGRW,3634,1.1787790908422209
FEX,3635,1.1787790908422209
BIYA,3636,1.1787790908422209
FPXI,3637,1.1787790908422209
EHTH,3638,1.1787790908422209
CLOU,3639,1.1787790908422209
HSII,3640,1.1787790908422209
FPA,3641,1.1787790908422209
OBIL,3642,1.1787790908422209
EVLV,3643,1.1787790908422209
OXLCG,3644,1.1787790908422209
OXSQ,3645,1.1787790908422209
PABU,3646,1.1787790908422209
CHKP,3647,1.1787790908422209
LRHC,3648,1.1787790908422209
LVHD,3649,1.1787790908422209
MBBC,3650,1.1787790908422209
MKAM,3651,1.1787790908422209
MYMJ,3652,1.1787790908422209
FWONA,3653,1.1787790908422209
ISTR,3654,1.1787790908422209
SPNS,3655,1.1787790908422209
LECO,3656,1.1787790908422209
PDBC,3657,1.1787790908422209
FAST,3658,1.1787790908422209
PFI,3659,1.1787790908422209
HSIC,3660,1.1787790908422209
FITBP,3661,1.1787790908422209
FLEX,3662,1.1787790908422209
WAFDP,3663,1.1787790908422209
MKTX,3664,1.1787790908422209
XCNY,3665,1.1787790908422209
INDY,3666,1.1787790908422209
SCKT,3667,1.1787790908422209
ISRG,3668,1.1787790908422209
SLAB,3669,1.1787790908422209
SKRE,3670,1.1787790908422209
SNSR,3671,1.1787790908422209
ONBPP,3672,1.1787790908422209
OTTR,3673,1.1787790908422209
UCYB,3674,1.1787790908422209
ULVM,3675,1.1787790908422209
USTB,3676,1.1787790908422209
VBIL,3677,1.1787790908422209
MCHS,3678,1.1787790908422209
WABF,3679,1.1787790908422209
QVAL,3680,1.1787790908422209
YOKE,3681,1.1787790908422209
GEN,3682,1.1787790908422209
JPEF,3683,1.1787790908422209
NEWZ,3684,1.1787790908422209
SPCX,3685,1.1787790908422209
OPTZ,3686,1.1787790908422209
PQJA,3687,1.1787790908422209
USIG,3688,1.1787790908422209
VRSK,3689,1.1787790908422209
VTC,3690,1.1787790908422209
UYLD,3691,1.1787790908422209
IGIC,3692,1.1787790908422209
REE,3693,1.1787790908422209
MORN,3694,1.1787790908422209
AIRT,3695,1.1754821375585915
MOLN,3696,1.1754821375585915
GECCI,3697,1.173633941868004
FVNNU,3698,1.1722305848407655
DRDB,3699,1.1720695552570572
CCGWW,3700,1.171809572416775
HNNAZ,3701,1.1716222539760914
ATMCU,3702,1.1684172413401501
WTMY,3703,1.1606808685221308
PCSC,3704,1.1606808685221308
ACTG,3705,1.138948534007373
ACWX,3706,1.138948534007373
AFRI,3707,1.138948534007373
AGNCL,3708,1.138948534007373
ATXS,3709,1.138948534007373
ATAI,3710,1.138948534007373
BDRX,3711,1.138948534007373
BOEU,3712,1.138948534007373
BPOP,3713,1.138948534007373
CEP,3714,1.138948534007373
AHG,3715,1.138948534007373
COST,3716,1.138948534007373
BATRK,3717,1.138948534007373
CSGP,3718,1.138948534007373
CLSM,3719,1.138948534007373
DOOO,3720,1.138948534007373
EGBN,3721,1.138948534007373
ESEA,3722,1.138948534007373
EUFN,3723,1.138948534007373
AUPH,3724,1.138948534007373
FDUS,3725,1.138948534007373
FEP,3726,1.138948534007373
GBUG,3727,1.138948534007373
GPIQ,3728,1.138948534007373
FIVN,3729,1.138948534007373
INCY,3730,1.138948534007373
INRO,3731,1.138948534007373
FAAR,3732,1.138948534007373
FICS,3733,1.138948534007373
FMED,3734,1.138948534007373
MRCY,3735,1.138948534007373
COLL,3736,1.138948534007373
MYCL,3737,1.138948534007373
PALD,3738,1.138948534007373
LLYVA,3739,1.138948534007373
HNNA,3740,1.138948534007373
PSCC,3741,1.138948534007373
IBTH,3742,1.138948534007373
FNK,3743,1.138948534007373
MURA,3744,1.138948534007373
UBND,3745,1.138948534007373
SLRC,3746,1.138948534007373
TRINI,3747,1.138948534007373
POWI,3748,1.138948534007373
USFI,3749,1.138948534007373
PSWD,3750,1.138948534007373
IUS,3751,1.138948534007373
ONMD,3752,1.138948534007373
PFF,3753,1.138948534007373
UOKA,3754,1.138948534007373
MAT,3755,1.138948534007373
PWP,3756,1.138948534007373
WABC,3757,1.138948534007373
MRCC,3758,1.138948534007373
RPRX,3759,1.138948534007373
KBWD,3760,1.138948534007373
VGUS,3761,1.138948534007373
VYMI,3762,1.138948534007373
RTH,3763,1.138948534007373
INSM,3764,1.138948534007373
OFIX,3765,1.138948534007373
HLMN,3766,1.138948534007373
NATO,3767,1.138948534007373
PCAR,3768,1.138948534007373
STRL,3769,1.138948534007373
WSML,3770,1.138948534007373
ALDF,3771,1.1299998458143103
MDRR,3772,1.1182331138886665
WFCF,3773,1.1170739600104027
AFJKU,3774,1.0890530726587488
ALCY,3775,1.0890530726587488
BGRO,3776,1.0890530726587488
BMDL,3777,1.0890530726587488
ALCYU,3778,1.0890530726587488
HEJD,3779,1.0890530726587488
BAYAU,3780,1.0890530726587488
GFGF,3781,1.0890530726587488
HFSP,3782,1.0890530726587488
BOWN,3783,1.0890530726587488
ALDFU,3784,1.0890530726587488
SMCF,3785,1.0890530726587488
SPAQ,3786,1.0890530726587488
LCDS,3787,1.0890530726587488
UCRD,3788,1.0890530726587488
MCDS,3789,1.0890530726587488
BKHA,3790,1.0890530726587488
BACQU,3791,1.0890530726587488
APLMW,3792,1.0890530726587488
BOWNU,3793,1.0890530726587488
CUBWU,3794,1.0890530726587488
EXEEW,3795,1.0890530726587488
TXSS,3796,1.0890530726587488
ARQQW,3797,1.0890530726587488
ANSCU,3798,1.0890530726587488
RFEU,3799,1.0890530726587488
ASPCU,3800,1.0890530726587488
DYCQ,3801,1.0890530726587488
SJCP,3802,1.0890530726587488
DAAQU,3803,1.0890530726587488
FERAU,3804,1.0890530726587488
CAPNU,3805,1.0890530726587488
FORL,3806,1.0890530726587488
PLMKU,3807,1.0890530726587488
LVTX,3808,1.0890530726587488
DJTWW,3809,1.0890530726587488
NHICU,3810,1.0890530726587488
EURKU,3811,1.0890530726587488
SVA,3812,1.0890530726587488
TACHU,3813,1.0890530726587488
TAVIU,3814,1.0890530726587488
SZZLU,3815,1.0890530726587488
PGYWW,3816,1.0890530726587488
MDCXW,3817,1.0890530726587488
MOBBW,3818,1.0890530726587488
COLAU,3819,1.0890530726587488
BAYA,3820,1.0890530726587488
SJLD,3821,1.0890530726587488
GPATU,3822,1.0890530726587488
SVCCU,3823,1.0890530726587488
MBAVU,3824,1.0890530726587488
FGMCU,3825,1.0890530726587488
BKHAU,3826,1.0890530726587488
MLACU,3827,1.0890530726587488
RIBBU,3828,1.0890530726587488
MSPRW,3829,1.0890530726587488
OST,3830,1.0890530726587488
PC,3831,1.0890530726587488
PDYNW,3832,1.0890530726587488
MAYAU,3833,1.0890530726587488
RFAIU,3834,1.0890530726587488
NTRBW,3835,1.0890530726587488
NUKKW,3836,1.0890530726587488
OAKUU,3837,1.0890530726587488
KVACU,3838,1.0890530726587488
SRDX,3839,1.0890530726587488
FACTU,3840,1.0890530726587488
TDACU,3841,1.0890530726587488
UYSCU,3842,1.0890530726587488
LPBBW,3843,1.0890530726587488
RANGU,3844,1.0890530726587488
QETAU,3845,1.0890530726587488
QVCGB,3846,1.0890530726587488
DTSQU,3847,1.0890530726587488
CCIXU,3848,1.0890530726587488
ISRLU,3849,1.0890530726587488
SVIIU,3850,1.0890530726587488
QMMM,3851,1.0890530726587488
DYCQU,3852,1.0890530726587488
WLACU,3853,1.0890530726587488
NTWOU,3854,1.0890530726587488
SIMAU,3855,1.0890530726587488
TAVI,3856,1.0890530726587488
LPBBU,3857,1.0890530726587488
GSHRU,3858,1.0890530726587488
NOEMU,3859,1.0890530726587488
TDAC,3860,1.0890530726587488
POLEU,3861,1.0890530726587488
OPI,3862,1.0890530726587488
FORLU,3863,1.0890530726587488
GTENU,3864,1.0890530726587488
SDHIU,3865,1.0890530726587488
PCTTU,3866,1.0890530726587488
LPAAU,3867,1.0890530726587488
QSEAU,3868,1.0890530726587488
RAAQU,3869,1.0890530726587488
EXEEZ,3870,1.0890530726587488
CHARU,3871,1.0890530726587488
HSPOU,3872,1.0890530726587488
SDM,3873,1.0890530726587488
TVACU,3874,1.0890530726587488
KFIIU,3875,1.0890530726587488
QETA,3876,1.0890530726587488
MACIU,3877,1.0890530726587488
NTWO,3878,1.0845109194108025
IMPPP,3879,1.0802674523898972
HVIIU,3880,1.0788526861944503
ACGL,3881,1.0787791908421207
ALLW,3882,1.0787791908421207
AMPH,3883,1.0787791908421207
AFSC,3884,1.0787791908421207
BSJW,3885,1.0787791908421207
BIDU,3886,1.0787791908421207
BSJQ,3887,1.0787791908421207
BHF,3888,1.0787791908421207
COMT,3889,1.0787791908421207
CEPT,3890,1.0787791908421207
DFGX,3891,1.0787791908421207
AVGB,3892,1.0787791908421207
CLOD,3893,1.0787791908421207
ELIS,3894,1.0787791908421207
CMPS,3895,1.0787791908421207
FXNC,3896,1.0787791908421207
FYC,3897,1.0787791908421207
EMXF,3898,1.0787791908421207
CHTR,3899,1.0787791908421207
DFGP,3900,1.0787791908421207
FDT,3901,1.0787791908421207
CAFG,3902,1.0787791908421207
FTXH,3903,1.0787791908421207
GIGM,3904,1.0787791908421207
LITP,3905,1.0787791908421207
DEMZ,3906,1.0787791908421207
IBAT,3907,1.0787791908421207
GAINL,3908,1.0787791908421207
BOTZ,3909,1.0787791908421207
NTIC,3910,1.0787791908421207
IZEA,3911,1.0787791908421207
NZUS,3912,1.0787791908421207
OZKAP,3913,1.0787791908421207
IBTO,3914,1.0787791908421207
NFTY,3915,1.0787791908421207
KBSX,3916,1.0787791908421207
TDIV,3917,1.0787791908421207
TMUS,3918,1.0787791908421207
TRIP,3919,1.0787791908421207
FCNCP,3920,1.0787791908421207
LRGE,3921,1.0787791908421207
MARPS,3922,1.0787791908421207
QCLR,3923,1.0787791908421207
VSDA,3924,1.0787791908421207
VWOB,3925,1.0787791908421207
MILN,3926,1.0787791908421207
FMET,3927,1.0787791908421207
XOMAO,3928,1.0787791908421207
FRME,3929,1.0787791908421207
SKK,3930,1.0787791908421207
ETEC,3931,1.0787791908421207
THCH,3932,1.0787791908421207
TTWO,3933,1.0787791908421207
PSCM,3934,1.0787791908421207
XOMA,3935,1.0787791908421207
MRNA,3936,1.0787791908421207
ISHG,3937,1.0787791908421207
LBTYK,3938,1.0787791908421207
TAX,3939,1.0787791908421207
UAL,3940,1.0787791908421207
LUCY,3941,1.0787791908421207
VRTX,3942,1.0787791908421207
STOK,3943,1.0787791908421207
PTC,3944,1.0787791908421207
IBGL,3945,1.0787791908421207
NEWTG,3946,1.0787791908421207
SKOR,3947,1.0787791908421207
TTAN,3948,1.0787791908421207
UITB,3949,1.0787791908421207
JOUT,3950,1.0787791908421207
VNQI,3951,1.0787791908421207
NDSN,3952,1.0787791908421207
MSW,3953,1.0787791908421207
ALIL,3954,1.0759532313023437
ANSC,3955,1.0744467359863683
BTSGU,3956,1.0718523426445434
HDL,3957,1.0653561567985252
DGICB,3958,1.0608870998461313
PBHC,3959,1.0604397944724961
POLE,3960,1.0472091392751885
LFMDP,3961,1.0459204096334997
OAKUR,3962,1.043741850107355
TRSG,3963,0.9948501744029972
VCICU,3964,0.9946340897561061
SVCC,3965,0.9946301286368391
TXUG,3966,0.9945861195238033
ABNB,3967,0.9945421104107675
ANDE,3968,0.9945421104107675
AGNG,3969,0.9945421104107675
ATXG,3970,0.9945421104107675
AYTU,3971,0.9945421104107675
BDGS,3972,0.9945421104107675
AUDC,3973,0.9945421104107675
ARLP,3974,0.9945421104107675
BLFY,3975,0.9945421104107675
BMRN,3976,0.9945421104107675
BGC,3977,0.9945421104107675
BSSX,3978,0.9945421104107675
BSJT,3979,0.9945421104107675
CZFS,3980,0.9945421104107675
CJET,3981,0.9945421104107675
BUFM,3982,0.9945421104107675
EHLS,3983,0.9945421104107675
EMIF,3984,0.9945421104107675
EMXC,3985,0.9945421104107675
ESGE,3986,0.9945421104107675
CTAS,3987,0.9945421104107675
BSCR,3988,0.9945421104107675
EYEG,3989,0.9945421104107675
FATN,3990,0.9945421104107675
FDTS,3991,0.9945421104107675
FEMB,3992,0.9945421104107675
FMUB,3993,0.9945421104107675
FSGS,3994,0.9945421104107675
CBFV,3995,0.9945421104107675
FTLF,3996,0.9945421104107675
CCIX,3997,0.9945421104107675
EMEQ,3998,0.9945421104107675
GEME,3999,0.9945421104107675
GIG,4000,0.9945421104107675
CETY,4001,0.9945421104107675
CGBDL,4002,0.9945421104107675
FBLA,4003,0.9945421104107675
DGCB,4004,0.9945421104107675
IEF,4005,0.9945421104107675
FTCS,4006,0.9945421104107675
CPRT,4007,0.9945421104107675
IUSB,4008,0.9945421104107675
ESN,4009,0.9945421104107675
KRKR,4010,0.9945421104107675
FAD,4011,0.9945421104107675
FCVT,4012,0.9945421104107675
CLBT,4013,0.9945421104107675
HYLS,4014,0.9945421104107675
FLN,4015,0.9945421104107675
FMHI,4016,0.9945421104107675
IEI,4017,0.9945421104107675
IMCV,4018,0.9945421104107675
MYCF,4019,0.9945421104107675
FSZ,4020,0.9945421104107675
FTGS,4021,0.9945421104107675
JSML,4022,0.9945421104107675
GIFI,4023,0.9945421104107675
NZAC,4024,0.9945421104107675
ODP,4025,0.9945421104107675
KLAC,4026,0.9945421104107675
KROP,4027,0.9945421104107675
EVO,4028,0.9945421104107675
LKQ,4029,0.9945421104107675
FELE,4030,0.9945421104107675
PSCH,4031,0.9945421104107675
FITB,4032,0.9945421104107675
FKU,4033,0.9945421104107675
IBTM,4034,0.9945421104107675
DUKX,4035,0.9945421104107675
MQQQ,4036,0.9945421104107675
FRMEP,4037,0.9945421104107675
MYCM,4038,0.9945421104107675
RWAYZ,4039,0.9945421104107675
INFR,4040,0.9945421104107675
NBIX,4041,0.9945421104107675
COWS,4042,0.9945421104107675
SHV,4043,0.9945421104107675
IVAL,4044,0.9945421104107675
SPBC,4045,0.9945421104107675
SUSB,4046,0.9945421104107675
SUSL,4047,0.9945421104107675
TBBK,4048,0.9945421104107675
TBIL,4049,0.9945421104107675
OXLCO,4050,0.9945421104107675
TRI,4051,0.9945421104107675
TTEQ,4052,0.9945421104107675
LZ,4053,0.9945421104107675
PSCT,4054,0.9945421104107675
VEEE,4055,0.9945421104107675
MEDX,4056,0.9945421104107675
CME,4057,0.9945421104107675
IBGA,4058,0.9945421104107675
WTBN,4059,0.9945421104107675
MNYWW,4060,0.9945421104107675
SDTY,4061,0.9945421104107675
CPSS,4062,0.9945421104107675
SHY,4063,0.9945421104107675
STHO,4064,0.9945421104107675
CFO,4065,0.9945421104107675
TMB,4066,0.9945421104107675
PEY,4067,0.9945421104107675
UG,4068,0.9945421104107675
PTH,4069,0.9945421104107675
VONG,4070,0.9945421104107675
QQMG,4071,0.9945421104107675
WTMU,4072,0.9945421104107675
MYCI,4073,0.9945421104107675
KHC,4074,0.9945421104107675
TRINZ,4075,0.9945421104107675
TUR,4076,0.9945421104107675
PNQI,4077,0.9945421104107675
PTCT,4078,0.9945421104107675
QBUF,4079,0.9945421104107675
VTWO,4080,0.9945421104107675
MFIN,4081,0.9945421104107675
WILC,4082,0.9945421104107675
MRUS,4083,0.9945421104107675
IOTR,4084,0.9945421104107675
SLP,4085,0.9945421104107675
SVII,4086,0.9945421104107675
LOAN,4087,0.9945421104107675
PTNQ,4088,0.9945421104107675
ICCT,4089,0.9945421104107675
IGF,4090,0.9945421104107675
INDV,4091,0.9945421104107675
SOHOO,4092,0.9945421104107675
USCL,4093,0.9945421104107675
PRN,4094,0.9945421104107675
FGM,4095,0.9945421104107675
IBTJ,4096,0.9945421104107675
RFAI,4097,0.9945421104107675
TKLF,4098,0.9945421104107675
ZVSA,4099,0.9945421104107675
OTRK,4100,0.9945421104107675
INMD,4101,0.9945421104107675
RENEW,4102,0.9945421104107675
RANG,4103,0.9940711171054157
FERA,4104,0.9936475058025014
NEWTI,4105,0.993600123800064
CHAR,4106,0.9935226893265652
ASPC,4107,0.9925535127746792
CHACU,4108,0.9920405487066091
PSCU,4109,0.9919592390274854
MYMG,4110,0.991858296585969
LBTYB,4111,0.9912451571271381
ABIG,4112,0.9898321776495831
AUBN,4113,0.9888901913312131
BANFP,4114,0.9882798790299048
SANG,4115,0.9880791680934808
LOKVU,4116,0.9869379716790054
PHOE,4117,0.9776390305040177
ZCAR,4118,0.9746561340498854
RDAGU,4119,0.9724157161187867
ADXN,4120,0.9705214575383299
BEEZ,4121,0.9669593265273042
LGCF,4122,0.9669593265273042
HQGO,4123,0.9669593265273042
MFI,4124,0.9469209908946682
IINNW,4125,0.9383642318686118
SIMA,4126,0.9343261657404767
TLSIW,4127,0.9125124625994652
AAON,4128,0.8935976176212818
FSHPU,4129,0.884970659452919
FSHP,4130,0.884970659452919
NSCR,4131,0.884970659452919
FORTY,4132,0.884970659452919
CGCTU,4133,0.884970659452919
SPKLU,4134,0.884970659452919
KELYB,4135,0.884970659452919
YHNAU,4136,0.884970659452919
MDXH,4137,0.8830047345100809
USRD,4138,0.875932044538619
VACHU,4139,0.8749900579279155
MDXG,4140,0.8724563436130967
DRDBU,4141,0.86549190811849
MFH,4142,0.8596274933281675
AAOI,4143,0.8327429980822044
METCB,4144,0.8319359862802724
AAME,4145,0.8205195991607154
DWUS,4146,0.803779653341377
MDWD,4147,0.797192245194126
AAL,4148,0.7900086587166315
AAPG,4149,0.7858892439763816
MDGL,4150,0.7839238088968081
ALFUU,4151,0.7822261942764439
GIGGU,4152,0.7822261942764439
MAYS,4153,0.7822261942764439
METU,4154,0.773523673351175
MEIP,4155,0.7733338207512135
METCZ,4156,0.7680257162943489
MERC,4157,0.7667149786407382
METC,4158,0.7592619336105979
METD,4159,0.7576981398493817
ATMVU,4160,0.7500376274300715
AAPB,4161,0.7489176361028343
HSPO,4162,0.7457626533304693
META,4163,0.7356017082063344
MEDP,4164,0.7324096799526417
MESO,4165,0.7108284367148032
MEOH,4166,0.7108153745135045
MDCX,4167,0.7108111617577564
MDLZ,4168,0.6809829712785577
MELI,4169,0.6809804425024782
AACG,4170,0.6768990568097891
MDIV,4171,0.6705620722896071
BPOPM,4172,0.6579400283272088
FVN,4173,0.6480879321178634
CIL,4174,0.6195426729099238
MYPSW,4175,0.6195426729099238
EURK,4176,0.619071679604572
WHLRP,4177,0.619071679604572
AACBU,4178,0.615000935332176
AADR,4179,0.6148938804626871
MDIA,4180,0.5792578603545324
ZEO,4181,0.5616985156521442
ZIONP,4182,0.5567422336379262
LAES,4183,0.5504553591218713
ZJK,4184,0.539481545914313
ZLAB,4185,0.5351903434884318
ZNTL,4186,0.5351903434884318
ZS,4187,0.529790530640268
ZIPP,4188,0.529790530640268
ZKIN,4189,0.5198564196489439
ZSPC,4190,0.5198564196489439
ZION,4191,0.5157510172350425
LAB,4192,0.50648545450111
ZTEK,4193,0.5018570434883984
ZENV,4194,0.4964572306402347
UNIY,4195,0.49454286040964246
ZG,4196,0.49007563363785944
ZTRE,4197,0.48241771723500915
ZOOZ,4198,0.48241771723500915
ZEUS,4199,0.48241771723500915
ZJYL,4200,0.4731521545010767
ZTEN,4201,0.4730580416315254
ZUMZ,4202,0.44908441723497583
LAKE,4203,0.4490844172349758
LAMR,4204,0.44631611133585775
ZM,4205,0.3929263636140736
ZTWO,4206,0.33151403680358915
